TagID,Lang,Label
MEDICAL,ja,医療
MEDICAL,en,medical
BUSINESS,ja,ビジネス
BUSINESS,en,business
EDUCATION,ja,教育
EDUCATION,en,education
GEONAME,ja,地名
GEONAME,en,place name
PUBLIC_FACILITY,ja,公共施設
PUBLIC_FACILITY,en,public facility
STORE_NAME,ja,店名
STORE_NAME,en,store name
LOANWORD,ja,外来語
LOANWORD,en,loanword
ENGLISH,ja,英語
ENGLISH,en,English
FINANCE,ja,金融
FINANCE,en,finance
HUMAN_RESOURCES,ja,人事
HUMAN_RESOURCES,en,human resources
SCHOOL,ja,学校
SCHOOL,en,school
HEARING,ja,聴覚
HEARING,en,hearing
HOKKAIDO,ja,北海道
HOKKAIDO,en,Hokkaido
HEARING_AID,ja,補聴器
HEARING_AID,en,hearing aid
CASHLESS_PAYMENT,ja,キャッシュレス決済
CASHLESS_PAYMENT,en,cashless payment
FOREIGN_CASHIER,ja,外国人レジ係
FOREIGN_CASHIER,en,foreign cashier
DUOLINGO,ja,デュオリンゴ
DUOLINGO,en,Duolingo
CHIKOE,ja,ちこえ
CHIKOE,en,Chikoe
DATE,ja,日付
DATE,en,date
ROCK,ja,ロック
ROCK,en,rock
TELEVISION_TOKYO,ja,テレビ東京
TELEVISION_TOKYO,en,Television Tokyo
PROPER_NOUN,ja,固有名詞
PROPER_NOUN,en,proper noun
HIRAGANA,ja,ひらがな
HIRAGANA,en,hiragana
SORA_MIMI,ja,空耳
SORA_MIMI,en,soramimi
HISTORY,ja,歴史
HISTORY,en,history
FRIEND,ja,友達
FRIEND,en,friend
PHONETIC_CODE,ja,音声コード
PHONETIC_CODE,en,phonetic code
MISHEARING,ja,聞き間違い
MISHEARING,en,mishearing
DAILY_NECESSITIES,ja,日用品
DAILY_NECESSITIES,en,daily necessities
ENGLISH_LEARNING,ja,英語学習
ENGLISH_LEARNING,en,English learning
WORKSHOP,ja,ワークショップ
WORKSHOP,en,workshop
ENGINE_ORDER,ja,エンジンオーダー
ENGINE_ORDER,en,engine order
SLANG,ja,スラング
SLANG,en,slang
PHONE,ja,電話
PHONE,en,phone
BYOIN,ja,病院
BYOIN,en,hospital
CASH_REGISTER,ja,レジ
CASH_REGISTER,en,cash register
KOMYUNIKESHON,ja,コミュニケーション
KOMYUNIKESHON,en,communication
TELEVISION,ja,テレビ
TELEVISION,en,television
FELICA,ja,フェリカ
FELICA,en,Felica
PHONE_SUPPORT,ja,電話サポート
PHONE_SUPPORT,en,phone support
HEARING_IMPAIRMENT,ja,聴覚障害
HEARING_IMPAIRMENT,en,hearing impairment
REGGAE,ja,レゲエ
REGGAE,en,reggae
COMEDY,ja,コメディ
COMEDY,en,comedy
STORE_MANAGEMENT,ja,店舗管理
STORE_MANAGEMENT,en,store management
CASHLESS,ja,キャッシュレス
CASHLESS,en,cashless
MODEL_NUMBER,ja,型番
MODEL_NUMBER,en,model number
LISTENING,ja,リスニング
LISTENING,en,listening
FILMARKS,ja,フィルマークス
FILMARKS,en,Filmarks
YUKI_TSUNODA,ja,角田裕毅
YUKI_TSUNODA,en,Yuki Tsunoda
F1,ja,F1
F1,en,F1
VARIETY,ja,バラエティ
VARIETY,en,variety
FAMILY,ja,家族
FAMILY,en,family
SUPERMARKET,ja,スーパーマーケット
SUPERMARKET,en,supermarket
HATSUON,ja,発音
HATSUON,en,pronunciation
COMMUNICATION,ja,コミュニケーション
COMMUNICATION,en,communication
SELF_EXPRESSION,ja,自己表現
SELF_EXPRESSION,en,self-expression
ALPHABET,ja,アルファベット
ALPHABET,en,alphabet
COMIC_ESSAY,ja,コミックエッセイ
COMIC_ESSAY,en,comic essay
NICHJO_SEIKATSU,ja,日常生活
NICHJO_SEIKATSU,en,daily life
HOME,ja,家
HOME,en,home
PRODUCT_NUMBER,ja,品番
PRODUCT_NUMBER,en,product number
EARLY_CHILDHOOD,ja,幼児期
EARLY_CHILDHOOD,en,early childhood
NAVIGATION,ja,ナビゲーション
NAVIGATION,en,navigation
NUMBER,ja,数字
NUMBER,en,number
ANNOUNCER,ja,アナウンサー
ANNOUNCER,en,announcer
DIGITS,ja,桁
DIGITS,en,digits
NON_NATIVE_SPEAKER,ja,非ネイティブスピーカー
NON_NATIVE_SPEAKER,en,non-native speaker
MANZAI,ja,漫才
MANZAI,en,manzai
TRAVEL,ja,旅行
TRAVEL,en,travel
HIBO_GO_WASHA,ja,非母語話者
HIBO_GO_WASHA,en,non-native speaker
SPEECH_RECOGNITION,ja,音声認識
SPEECH_RECOGNITION,en,speech recognition
DAILY_LIFE,ja,日常生活
DAILY_LIFE,en,daily life
CRIME_SUSPENSE,ja,犯罪サスペンス
CRIME_SUSPENSE,en,crime suspense
EIGO_GAKUSHU,ja,英語学習
EIGO_GAKUSHU,en,English learning
RADIO,ja,ラジオ
RADIO,en,radio
TRANSPORTATION,ja,交通
TRANSPORTATION,en,transportation
MOVIE,ja,映画
MOVIE,en,movie
ELECTRONIC_MONEY,ja,電子マネー
ELECTRONIC_MONEY,en,electronic money
AGING,ja,老化
AGING,en,aging
HEARING_LOSS,ja,聴力損失
HEARING_LOSS,en,hearing loss
BLOG,ja,ブログ
BLOG,en,blog
PILOTAGE,ja,操縦
PILOTAGE,en,pilotage
R_B,ja,R&B
R_B,en,R&B
CAR_ACTION,ja,カーアクション
CAR_ACTION,en,car action
TELEPHONE,ja,電話
TELEPHONE,en,telephone
SDGS,ja,SDGs
SDGS,en,SDGs
KAWASAKI_CITY,ja,川崎市
KAWASAKI_CITY,en,Kawasaki City
CONVENIENCE_STORE,ja,コンビニ
CONVENIENCE_STORE,en,convenience store
HUMOR,ja,ユーモア
HUMOR,en,humor
MOTOR_SPORTS,ja,モータースポーツ
MOTOR_SPORTS,en,motor sports
LYRICS,ja,歌詞
LYRICS,en,lyrics
OTA_WARD,ja,大田区
OTA_WARD,en,Ota Ward
SEKKAKUGYO,ja,接客業
SEKKAKUGYO,en,customer service
ID,ja,iD（電子カード）
ID,en,iD (electronic card)
NAME_ORIGIN,ja,名前の由来
NAME_ORIGIN,en,name origin
CUSTOMER_SERVICE,ja,顧客サービス
CUSTOMER_SERVICE,en,customer service
PRESENTATION,ja,プレゼンテーション
PRESENTATION,en,presentation
HOCHOOKI,ja,補聴器
HOCHOOKI,en,hearing aid
SORA-MIMI,ja,空耳
SORA-MIMI,en,soramimi
HIGH_SCHOOL,ja,高校
HIGH_SCHOOL,en,high school
ANIMAL,ja,動物
ANIMAL,en,animal
VISIT_SALES,ja,訪問販売
VISIT_SALES,en,visit sales
URANAISHI,ja,占い師
URANAISHI,en,fortune teller
RESTAURANT,ja,レストラン
RESTAURANT,en,restaurant
STATIONERY,ja,文房具
STATIONERY,en,stationery
RAKUTEN_EDY,ja,楽天Edy
RAKUTEN_EDY,en,Rakuten Edy
GERMANY,ja,ドイツ
GERMANY,en,Germany
NAME,ja,名前
NAME,en,name
EMAIL_ADDRESS,ja,メールアドレス
EMAIL_ADDRESS,en,email address
ACTION,ja,アクション
ACTION,en,action
CHILDCARE,ja,育児
CHILDCARE,en,childcare
POPS,ja,ポップス
POPS,en,pops
DISABILITY_WELFARE,ja,障害福祉
DISABILITY_WELFARE,en,disability welfare
CALL_CENTER,ja,コールセンター
CALL_CENTER,en,call center
SOUL,ja,ソウル
SOUL,en,soul
PIERCING,ja,ピアス
PIERCING,en,piercing
WORK,ja,仕事
WORK,en,work
PRONUNCIATION,ja,発音
PRONUNCIATION,en,pronunciation
STORE,ja,店
STORE,en,store
TAIKENDAN,ja,体験談
TAIKENDAN,en,experience
JAPANESE,ja,日本語
JAPANESE,en,Japanese
DENWA,ja,電話
DENWA,en,telephone
WESTERN_MUSIC,ja,洋楽
WESTERN_MUSIC,en,western music
PUBLIC_BROADCAST,ja,公共放送
PUBLIC_BROADCAST,en,public broadcast
RAILWAY,ja,鉄道
RAILWAY,en,railway
CONVERSATION,ja,会話
CONVERSATION,en,conversation
WORKPLACE,ja,職場
WORKPLACE,en,workplace
KIKIMATSUGAI,ja,ききまつがい
KIKIMATSUGAI,en,kikimatsugai
OUTDOOR_ANNOUNCE,ja,屋外放送
OUTDOOR_ANNOUNCE,en,outdoor announce
YAKUZAI,ja,薬剤
YAKUZAI,en,pharmaceutical
EVENT,ja,イベント
EVENT,en,event
MEDICAL_WELFARE,ja,医療福祉
MEDICAL_WELFARE,en,medical welfare
FAILURE_STORY,ja,失敗談
FAILURE_STORY,en,failure story
MANNER,ja,マナー
MANNER,en,manner
TWITTER,ja,ツイッター
TWITTER,en,Twitter
DISNEY,ja,ディズニー
DISNEY,en,Disney
NET_CULTURE,ja,ネット文化
NET_CULTURE,en,net culture
FOOD_SERVICE,ja,飲食サービス
FOOD_SERVICE,en,food service
CONTEST,ja,コンテスト
CONTEST,en,contest
UDON_SOUP,ja,うどんスープ
UDON_SOUP,en,udon soup
ARUARU,ja,あるある
ARUARU,en,common experience
BARRIER_FREE,ja,バリアフリー
BARRIER_FREE,en,barrier-free
SHOKUGYOUMEI,ja,職業名
SHOKUGYOUMEI,en,occupation name
KIKIMACHI,ja,聞き待ち
KIKIMACHI,en,listening wait
UDON,ja,うどん
UDON,en,udon
CELEBRITY,ja,有名人
CELEBRITY,en,celebrity
TYPOGRAPHY,ja,タイポグラフィ
TYPOGRAPHY,en,typography
GAME,ja,ゲーム
GAME,en,game
CHILDREN,ja,子供
CHILDREN,en,children
SCHOOL_LIFE,ja,学校生活
SCHOOL_LIFE,en,school life
TV_BANGUMI,ja,テレビ番組
TV_BANGUMI,en,TV program
HIGH_FREQUENCY,ja,高周波
HIGH_FREQUENCY,en,high frequency
TEAM_ACTIVITY,ja,チーム活動
TEAM_ACTIVITY,en,team activity
VRAM,ja,ビデオメモリ
VRAM,en,VRAM
GAME_STREAMING,ja,ゲーム配信
GAME_STREAMING,en,game streaming
MINEO,ja,マイネオ
MINEO,en,Mineo
NIHON_GO,ja,日本語
NIHON_GO,en,Japanese language
UNIFORM,ja,制服
UNIFORM,en,uniform
CHARACTER,ja,キャラクター
CHARACTER,en,character
SPORTS,ja,スポーツ
SPORTS,en,sports
OFFICE,ja,オフィス
OFFICE,en,office
NANCHOU,ja,難聴
NANCHOU,en,hearing loss
PRODUCT_NAME,ja,商品名
PRODUCT_NAME,en,product name
POSITION_NAME,ja,役職名
POSITION_NAME,en,position name
RAMEN,ja,ラーメン
RAMEN,en,ramen
CONVERSATION_APP,ja,会話アプリ
CONVERSATION_APP,en,conversation app
PAYMENT,ja,支払い
PAYMENT,en,payment
CHILD,ja,子ども
CHILD,en,child
BUSINESS_TERM,ja,ビジネス用語
BUSINESS_TERM,en,business term
CM,ja,コマーシャル
CM,en,commercial
WIND_ORCHESTRA_CLUB,ja,吹奏楽部
WIND_ORCHESTRA_CLUB,en,wind orchestra club
GAKUBUMEI,ja,学部名
GAKUBUMEI,en,faculty name
SOCCER,ja,サッカー
SOCCER,en,soccer
ELDERLY,ja,高齢者
ELDERLY,en,elderly
KATAKANA_WORD,ja,カタカナ語
KATAKANA_WORD,en,katakana word
TWITCH,ja,ツイッチ
TWITCH,en,Twitch
KOKUGO_JITEN,ja,国語辞典
KOKUGO_JITEN,en,Japanese dictionary
JUNIOR_HIGH_SCHOOL,ja,中学校
JUNIOR_HIGH_SCHOOL,en,junior high school
HIGASHIMARU,ja,ヒガシマル
HIGASHIMARU,en,Higashimaru
AUTOMATIC_TRANSCRIPTION,ja,自動文字起こし
AUTOMATIC_TRANSCRIPTION,en,automatic transcription
ENTERTAINMENT,ja,エンターテインメント
ENTERTAINMENT,en,entertainment
IMAGE_GENERATION,ja,画像生成
IMAGE_GENERATION,en,image generation
DESIGN,ja,デザイン
DESIGN,en,design
BUKATSUDOU,ja,部活動
BUKATSUDOU,en,club activity
SNS,ja,SNS
SNS,en,social networking service
JAPANESE_LANGUAGE,ja,日本語
JAPANESE_LANGUAGE,en,Japanese language
KENKO_JOHO,ja,健康情報
KENKO_JOHO,en,health information
FOOD_WASTE,ja,食品ロス
FOOD_WASTE,en,food waste
GAKKAMEI,ja,学科名
GAKKAMEI,en,department name
ENGLISH_CONVERSATION,ja,英会話
ENGLISH_CONVERSATION,en,English conversation
AI,ja,人工知能
AI,en,artificial intelligence
TECHNOLOGY,ja,技術
TECHNOLOGY,en,technology
MUSIC,ja,音楽
MUSIC,en,music
SOUND_SPECTROGRAM,ja,音声スペクトログラム
SOUND_SPECTROGRAM,en,sound spectrogram
PHONEME,ja,音素
PHONEME,en,phoneme
POINT_CARD,ja,ポイントカード
POINT_CARD,en,point card
TOBACCO,ja,たばこ
TOBACCO,en,tobacco
ITTEQ,ja,イッテQ
ITTEQ,en,ItteQ
NUMBER_ORDER,ja,番号順
NUMBER_ORDER,en,number order
SHOPPING,ja,買い物
SHOPPING,en,shopping
KAMEN_RIDER,ja,仮面ライダー
KAMEN_RIDER,en,Kamen Rider
DRAMA,ja,ドラマ
DRAMA,en,drama
GIRLSCHANNEL,ja,ガールズチャンネル
GIRLSCHANNEL,en,Girls Channel
RAKUGO,ja,落語
RAKUGO,en,rakugo
IMPRESSION,ja,印象
IMPRESSION,en,impression
NHK,ja,NHK
NHK,en,NHK
SCHOOL_VISIT,ja,学校訪問
SCHOOL_VISIT,en,school visit
FOOD,ja,食べ物
FOOD,en,food
PRANK_GP,ja,いたずらグループ
PRANK_GP,en,prank group
DOG,ja,犬
DOG,en,dog
INU,ja,犬
INU,en,inu
GEONAME_SAPPORO,ja,地名札幌
GEONAME_SAPPORO,en,place name Sapporo
CLOTHING,ja,衣服
CLOTHING,en,clothing
ZATSUGAKU,ja,雑学
ZATSUGAKU,en,trivia
JAPANESE_CULTURE,ja,日本文化
JAPANESE_CULTURE,en,Japanese culture
KORENSHA_SHISSETSU,ja,高齢者施設
KORENSHA_SHISSETSU,en,elderly facility
RECREATION,ja,レクリエーション
RECREATION,en,recreation
BILINGUAL_CHILD_REARING,ja,バイリンガル子育て
BILINGUAL_CHILD_REARING,en,bilingual child rearing
PROGRAM_COMMENTARY,ja,番組解説
PROGRAM_COMMENTARY,en,program commentary
PARTY,ja,パーティー
PARTY,en,party
VARIETY_SHOW,ja,バラエティーショー
VARIETY_SHOW,en,variety show
LAUGHTER,ja,笑い
LAUGHTER,en,laughter
WORD_ORIGIN,ja,語源
WORD_ORIGIN,en,word origin
MEIJI_PERIOD,ja,明治時代
MEIJI_PERIOD,en,Meiji period
SCOTTISH_ACCENT,ja,スコットランド訛り
SCOTTISH_ACCENT,en,Scottish accent
ALEXA,ja,アレクサ
ALEXA,en,Alexa
ARTIFICIAL_INTELLIGENCE,ja,人工知能
ARTIFICIAL_INTELLIGENCE,en,artificial intelligence
HIBOOGOWASHA,ja,非母語話者
HIBOOGOWASHA,en,non-native speaker
DANGER,ja,危険
DANGER,en,danger
NYUSHA_SHA,ja,入社者
NYUSHA_SHA,en,new employee
SPEECH_ERROR,ja,発話エラー
SPEECH_ERROR,en,speech error
JAPANESE_LANGUAGE_EDUCATION,ja,日本語教育
JAPANESE_LANGUAGE_EDUCATION,en,Japanese language education
SHITSUKE,ja,しつけ
SHITSUKE,en,discipline
SEASONAL_WORD,ja,季語
SEASONAL_WORD,en,seasonal word
NATURAL_CHARACTER,ja,自然な性格
NATURAL_CHARACTER,en,natural character
WOMAN,ja,女性
WOMAN,en,woman
REGULAR_EXAM,ja,定期試験
REGULAR_EXAM,en,regular exam
SECURITY,ja,セキュリティ
SECURITY,en,security
ALCOHOL,ja,アルコール
ALCOHOL,en,alcohol
DIALECT,ja,方言
DIALECT,en,dialect
IT,ja,IT(情報技術)
IT,en,IT
LIFESTYLE,ja,ライフスタイル
LIFESTYLE,en,lifestyle
DIALOGUE_AGENT,ja,対話エージェント
DIALOGUE_AGENT,en,dialogue agent
STAFF,ja,スタッフ
STAFF,en,staff
COOKING,ja,料理
COOKING,en,cooking
AMERICA,ja,アメリカ
AMERICA,en,America
COUPLE,ja,カップル
COUPLE,en,couple
PET,ja,ペット
PET,en,pet
HCI,ja,ヒューマンコンピュータインタラクション
HCI,en,human-computer interaction
CARE,ja,ケア
CARE,en,care
TH_SOUND,ja,TH音
TH_SOUND,en,TH sound
S_SOUND,ja,S音
S_SOUND,en,S sound
NON_NATIVE_SPEAKER_EN_TO_JP,ja,非ネイティブスピーカー英日
NON_NATIVE_SPEAKER_EN_TO_JP,en,non-native speaker EN to JP
ANIME_TOKUSATSU,ja,アニメ特撮
ANIME_TOKUSATSU,en,anime tokusatsu
MOCHITSUKI,ja,餅つき
MOCHITSUKI,en,mochi pounding
JAPANESE_LEARNER,ja,日本語学習者
JAPANESE_LEARNER,en,Japanese learner
JAPANESE_SAKE,ja,日本酒
JAPANESE_SAKE,en,Japanese sake
KOREA,ja,韓国
KOREA,en,Korea
CLASS,ja,クラス
CLASS,en,class
BAR,ja,バー
BAR,en,bar
J_POP,ja,Jポップ
J_POP,en,J-pop
MOUGAKKOU,ja,盲学校
MOUGAKKOU,en,school for the blind
ADDRESS,ja,住所
ADDRESS,en,address
ADVERTISING,ja,広告
ADVERTISING,en,advertising
GAKKOU,ja,学校
GAKKOU,en,school
ROUGAKKOU,ja,聾学校
ROUGAKKOU,en,school for the deaf
CONTROL,ja,制御
CONTROL,en,control
BUILDING_NAME,ja,建物名
BUILDING_NAME,en,building name
MEMO,ja,メモ
MEMO,en,memo
KYOUIKU,ja,教育
KYOUIKU,en,education
ART_TOUR,ja,アートツアー
ART_TOUR,en,art tour
URBAN_LIFE,ja,都市生活
URBAN_LIFE,en,urban life
ABBREVIATION,ja,略語
ABBREVIATION,en,abbreviation
AUTOMOBILE,ja,自動車
AUTOMOBILE,en,automobile
SIGHTSEEING,ja,観光
SIGHTSEEING,en,sightseeing
CROSS_CULTURAL_COMMUNICATION,ja,異文化コミュニケーション
CROSS_CULTURAL_COMMUNICATION,en,cross-cultural communication
EMBARRASSING_EXPERIENCE,ja,恥ずかしい経験
EMBARRASSING_EXPERIENCE,en,embarrassing experience
KAIGO_TAXI,ja,介護タクシー
KAIGO_TAXI,en,care taxi
KOREAN_LANGUAGE,ja,韓国語
KOREAN_LANGUAGE,en,Korean language
HOTEL,ja,ホテル
HOTEL,en,hotel
KOREAN,ja,韓国
KOREAN,en,Korea
CHINA,ja,中国
CHINA,en,China
PHONE_NUMBER,ja,電話番号
PHONE_NUMBER,en,phone number
HANASHIKATA,ja,話し方
HANASHIKATA,en,speaking style
COUNTRYSIDE,ja,田舎
COUNTRYSIDE,en,countryside
OFFICIAL_NOTATION,ja,公式表記
OFFICIAL_NOTATION,en,official notation
AVIATION,ja,航空
AVIATION,en,aviation
BUSINESS_ENGLISH,ja,ビジネス英語
BUSINESS_ENGLISH,en,business English
KAGAWA_PREFECTURE,ja,香川県
KAGAWA_PREFECTURE,en,Kagawa Prefecture
PHRASE_EXPLANATION,ja,フレーズの説明
PHRASE_EXPLANATION,en,phrase explanation
IBUNKA_COMMUNICATION,ja,異文化コミュニケーション
IBUNKA_COMMUNICATION,en,cross-cultural communication
JIKAN,ja,時間
JIKAN,en,time
GUIDANCE,ja,案内
GUIDANCE,en,guidance
PONCHA,ja,ポンチャ
PONCHA,en,Poncha
TAIWAN,ja,台湾
TAIWAN,en,Taiwan
TENDON,ja,天丼
TENDON,en,tempura rice bowl
SHOUDOSHIMA,ja,小豆島
SHOUDOSHIMA,en,Shodoshima
ISLAND,ja,島
ISLAND,en,island
STATION_NAME,ja,駅名
STATION_NAME,en,station name
FILMING_LOCATION,ja,撮影場所
FILMING_LOCATION,en,filming location
BUS,ja,バス
BUS,en,bus
TENKASU,ja,天かす
TENKASU,en,tempura bits
TALK,ja,話
TALK,en,talk
SURVIVAL_FOOD,ja,非常食
SURVIVAL_FOOD,en,survival food
TSUIN,ja,通院
TSUIN,en,hospital visit
BAITO,ja,バイト
BAITO,en,part-time job
KAIGO_TAKUSHI,ja,介護タクシー
KAIGO_TAKUSHI,en,care taxi
KODOMO,ja,子ども
KODOMO,en,child
TV_PROGRAM,ja,テレビ番組
TV_PROGRAM,en,TV program
MENKYO,ja,免許
MENKYO,en,license
FACILITY,ja,施設
FACILITY,en,facility
BEIJING,ja,北京
BEIJING,en,Beijing
MATSUYAMA,ja,松山
MATSUYAMA,en,Matsuyama
TAXI,ja,タクシー
TAXI,en,taxi
DAILY_CONVERSATION,ja,日常会話
DAILY_CONVERSATION,en,daily conversation
HEARING_DISABILITY,ja,聴覚障害
HEARING_DISABILITY,en,hearing disability
UTA,ja,歌
UTA,en,song
SORAUMI,ja,空海
SORAUMI,en,sky and sea
WIRELESS_COMMUNICATION,ja,無線通信
WIRELESS_COMMUNICATION,en,wireless communication
TRAFFIC_GUIDANCE,ja,交通案内
TRAFFIC_GUIDANCE,en,traffic guidance
GUNMA_TOYOTA,ja,群馬トヨタ
GUNMA_TOYOTA,en,Gunma Toyota
NIHONGO,ja,日本語
NIHONGO,en,Japanese
CLUB_ACTIVITY,ja,クラブ活動
CLUB_ACTIVITY,en,club activity
ITALY,ja,イタリア
ITALY,en,Italy
OCCUPATION,ja,職業
OCCUPATION,en,occupation
KATSUZETSU,ja,滑舌
KATSUZETSU,en,articulation
DAILY_ENGLISH_CONVERSATION,ja,日常英会話
DAILY_ENGLISH_CONVERSATION,en,daily English conversation
KAIGAI_SHUCCHO,ja,海外出張
KAIGAI_SHUCCHO,en,overseas business trip
GEONAME_MADEIRA,ja,地名マデイラ
GEONAME_MADEIRA,en,place name Madeira
HOMOPHONE,ja,同音異義語
HOMOPHONE,en,homophone
ALBUM,ja,アルバム
ALBUM,en,album
ACCESS_ANNNAI,ja,アクセス案内
ACCESS_ANNNAI,en,access guide
ORDER,ja,注文
ORDER,en,order
COCKTAIL,ja,カクテル
COCKTAIL,en,cocktail
CAR_NAVIGATION,ja,カーナビ
CAR_NAVIGATION,en,car navigation
PERSON_NAME,ja,人名
PERSON_NAME,en,person name
DRIVER,ja,運転手
DRIVER,en,driver
AMOUNT,ja,金額
AMOUNT,en,amount
CHIBA,ja,千葉
CHIBA,en,Chiba
KANCHIGAI,ja,勘違い
KANCHIGAI,en,misunderstanding
NUMBER_PLATE,ja,ナンバープレート
NUMBER_PLATE,en,number plate
INTERVIEW,ja,インタビュー
INTERVIEW,en,interview
TROUBLE_PREVENTION,ja,トラブル防止
TROUBLE_PREVENTION,en,trouble prevention
COMPLAINT,ja,苦情
COMPLAINT,en,complaint
CHINESE,ja,中国語
CHINESE,en,Chinese
EMBARRASSMENT,ja,恥ずかしさ
EMBARRASSMENT,en,embarrassment
PORTUGAL,ja,ポルトガル
PORTUGAL,en,Portugal
PERSONAL_EXPERIENCE,ja,個人的な経験
PERSONAL_EXPERIENCE,en,personal experience
HOSPITAL,ja,病院
HOSPITAL,en,hospital
TOKYU_LINE,ja,東急線
TOKYU_LINE,en,Tokyu Line
YOKOHAMA,ja,横浜
YOKOHAMA,en,Yokohama
PILOT,ja,パイロット
PILOT,en,pilot
KOREISHA,ja,高齢者
KOREISHA,en,elderly
SAITAMA,ja,埼玉
SAITAMA,en,Saitama
GEIMEI,ja,芸名
GEIMEI,en,stage name
JAPANESE_TRAVELER,ja,日本人旅行者
JAPANESE_TRAVELER,en,Japanese traveler
TROUBLE,ja,トラブル
TROUBLE,en,trouble
SHIGA_PREFECTURE,ja,滋賀県
SHIGA_PREFECTURE,en,Shiga Prefecture
CROSS_CULTURAL_EXPERIENCE,ja,異文化体験
CROSS_CULTURAL_EXPERIENCE,en,cross-cultural experience
YOYAKU,ja,予約
YOYAKU,en,reservation
YOSHIZAWAKAYOKO,ja,吉沢京子
YOSHIZAWAKAYOKO,en,Yoshizawa Kyoko
CREATION,ja,創作
CREATION,en,creation
SURNAME,ja,姓
SURNAME,en,surname
GYOMU_KAIZEN,ja,業務改善
GYOMU_KAIZEN,en,work improvement
IR,ja,IR
IR,en,IR
MARUGAME_SEIMEN,ja,丸亀製麺
MARUGAME_SEIMEN,en,Marugame Seimen
CAMPUS,ja,キャンパス
CAMPUS,en,campus
NIKITA,ja,ニキータ
NIKITA,en,Nikita
KANAGAWA,ja,神奈川
KANAGAWA,en,Kanagawa
DENWA_TAI_O,ja,電話対応
DENWA_TAI_O,en,phone support
KAIGO,ja,介護
KAIGO,en,care
STAGE_GREETING,ja,舞台挨拶
STAGE_GREETING,en,stage greeting
UNIVERSITY,ja,大学
UNIVERSITY,en,university
TRIVIA,ja,雑学
TRIVIA,en,trivia
FACILITY_NAME,ja,施設名
FACILITY_NAME,en,facility name
FOUR_PANEL_COMIC,ja,四コマ漫画
FOUR_PANEL_COMIC,en,four-panel comic
TOURIST_TROUBLE,ja,観光客トラブル
TOURIST_TROUBLE,en,tourist trouble
PRACTICAL_ENGLISH,ja,実用英語
PRACTICAL_ENGLISH,en,practical English
KOUZUSHIMA,ja,神津島
KOUZUSHIMA,en,Kouzushima
TAXI_DRIVER,ja,タクシー運転手
TAXI_DRIVER,en,taxi driver
CAPITAL_REGION,ja,首都圏
CAPITAL_REGION,en,capital region
NICHIJOU_KAIWA,ja,日常会話
NICHIJOU_KAIWA,en,daily conversation
PUBLIC_TRANSPORT,ja,公共交通機関
PUBLIC_TRANSPORT,en,public transport
TOKYO,ja,東京
TOKYO,en,Tokyo
TIME,ja,時間
TIME,en,time
WELFARE,ja,福祉
WELFARE,en,welfare
CAFE,ja,カフェ
CAFE,en,cafe
YUKI,ja,雪
YUKI,en,snow
TAMA,ja,多摩
TAMA,en,Tama
PROFESSIONALISM,ja,プロ意識
PROFESSIONALISM,en,professionalism
CHAT,ja,チャット
CHAT,en,chat
JOKE,ja,ジョーク
JOKE,en,joke
DRAGON_QUEST_X,ja,ドラゴンクエストX
DRAGON_QUEST_X,en,Dragon Quest X
SONG,ja,歌
SONG,en,song
CITY_NAME,ja,都市名
CITY_NAME,en,city name
EIGA_TITLE,ja,映画タイトル
EIGA_TITLE,en,movie title
GOGEN,ja,語源
GOGEN,en,word origin
CHINESE_LANGUAGE,ja,中国語
CHINESE_LANGUAGE,en,Chinese language
NET_SLANG,ja,ネットスラング
NET_SLANG,en,net slang
AZUMI_SHINICHIRO,ja,東慎一郎
AZUMI_SHINICHIRO,en,Azumi Shinichiro
ONLINE_GAME,ja,オンラインゲーム
ONLINE_GAME,en,online game
MEDICAL_DRAMA,ja,医療ドラマ
MEDICAL_DRAMA,en,medical drama
EQUIPMENT,ja,機器
EQUIPMENT,en,equipment
PROOFREADING,ja,校正
PROOFREADING,en,proofreading
EXPRESSION,ja,表現
EXPRESSION,en,expression
PEACH,ja,桃
PEACH,en,peach
WEATHER,ja,天気
WEATHER,en,weather
TRUE_STORY,ja,実話
TRUE_STORY,en,true story
ORGANIZATION_NAME,ja,組織名
ORGANIZATION_NAME,en,organization name
NEWS,ja,ニュース
NEWS,en,news
FOOD_NAME,ja,食品名
FOOD_NAME,en,food name
TAX,ja,税金
TAX,en,tax
TIKTOK,ja,TikTok
TIKTOK,en,TikTok
JOB_EXPERIENCE,ja,職務経験
JOB_EXPERIENCE,en,job experience
PRODUCT_LABEL,ja,商品ラベル
PRODUCT_LABEL,en,product label
VARIETY_NAME,ja,品種名
VARIETY_NAME,en,variety name
PRIVATE_EMERGENCY,ja,個人緊急事態
PRIVATE_EMERGENCY,en,private emergency
SERVICE_INDUSTRY,ja,サービス業
SERVICE_INDUSTRY,en,service industry
WELFARE_TRANSPORT,ja,福祉輸送
WELFARE_TRANSPORT,en,welfare transport
TOKYO_23_WARDS,ja,東京23区
TOKYO_23_WARDS,en,Tokyo 23 wards
RECEPTION,ja,受付
RECEPTION,en,reception
SELF_DEFENSE_FORCE,ja,自衛隊
SELF_DEFENSE_FORCE,en,self-defense force
ANNOUNCEMENT,ja,アナウンス
ANNOUNCEMENT,en,announcement
TRANSPORTATION_TROUBLE,ja,交通トラブル
TRANSPORTATION_TROUBLE,en,transportation trouble
MANUSCRIPT,ja,原稿
MANUSCRIPT,en,manuscript
SELF_INTRODUCTION,ja,自己紹介
SELF_INTRODUCTION,en,self-introduction
WASEI_EIGO,ja,和製英語
WASEI_EIGO,en,Japanese-made English
DRIVER_HONNE,ja,運転手の本音
DRIVER_HONNE,en,driver's true feelings
FOOD_INGREDIENT,ja,食品成分
FOOD_INGREDIENT,en,food ingredient
YOUGYAKU,ja,用語逆
YOUGYAKU,en,term reversal
SUNDAY_HEAVEN,ja,サンデーヘブン
SUNDAY_HEAVEN,en,Sunday Heaven
EIGO,ja,英語
EIGO,en,English
PC_INPUT,ja,PC入力
PC_INPUT,en,PC input
INN,ja,宿
INN,en,inn
PRECONCEPTION,ja,先入観
PRECONCEPTION,en,preconception
KYOTO,ja,京都
KYOTO,en,Kyoto
ESSAY,ja,エッセイ
ESSAY,en,essay
COMPANY_NAME,ja,会社名
COMPANY_NAME,en,company name
WORK_HISTORY,ja,職歴
WORK_HISTORY,en,work history
LABOR,ja,労働
LABOR,en,labor
ACCOMMODATION,ja,宿泊施設
ACCOMMODATION,en,accommodation
MONEY_AMOUNT,ja,金額
MONEY_AMOUNT,en,money amount
WORKING_ADULT,ja,社会人
WORKING_ADULT,en,working adult
ORGANIZATION,ja,組織
ORGANIZATION,en,organization
NICHIJOU,ja,日常
NICHIJOU,en,daily life
COMEDY_IMPROV,ja,即興コメディ
COMEDY_IMPROV,en,comedy improv
MISREADING,ja,読み間違い
MISREADING,en,misreading
GENGOGAKU,ja,言語学
GENGOGAKU,en,linguistics
FOREIGNER,ja,外国人
FOREIGNER,en,foreigner
COUNTER,ja,カウンター
COUNTER,en,counter
RECEIPT,ja,領収書
RECEIPT,en,receipt
FRENCH,ja,フランス語
FRENCH,en,French
FACE_TO_FACE,ja,対面
FACE_TO_FACE,en,face-to-face
WORDS,ja,単語
WORDS,en,words
EAST_KANTO_DIALECT,ja,東関東方言
EAST_KANTO_DIALECT,en,East Kanto dialect
OVERSEAS_LIFE,ja,海外生活
OVERSEAS_LIFE,en,overseas life
MAGAZINE_NAME,ja,雑誌名
MAGAZINE_NAME,en,magazine name
TEACHING_MATERIAL,ja,教材
TEACHING_MATERIAL,en,teaching material
CAR,ja,車
CAR,en,car
CONVERSION_ERROR,ja,変換エラー
CONVERSION_ERROR,en,conversion error
FIELD_VOICE,ja,現場の声
FIELD_VOICE,en,field voice
DINING_TABLE,ja,食卓
DINING_TABLE,en,dining table
ADMINISTRATION,ja,行政
ADMINISTRATION,en,administration
STUDY_ABROAD,ja,留学
STUDY_ABROAD,en,study abroad
LOVE,ja,愛
LOVE,en,love
PHILIPPINES,ja,フィリピン
PHILIPPINES,en,Philippines
THEATER,ja,劇場
THEATER,en,theater
RESERVATION,ja,予約
RESERVATION,en,reservation
SPORTS_EVENT,ja,スポーツイベント
SPORTS_EVENT,en,sports event
ENGLISH_CLASS,ja,英語クラス
ENGLISH_CLASS,en,English class
HOBO_NICHI,ja,ほぼ日
HOBO_NICHI,en,Hobo Nichi
KATAKANA_EIGO,ja,カタカナ英語
KATAKANA_EIGO,en,katakana English
NEWSPAPER,ja,新聞
NEWSPAPER,en,newspaper
FOREIGN_LANGUAGE,ja,外国語
FOREIGN_LANGUAGE,en,foreign language
COMEDY_SKIT,ja,コメディスキット
COMEDY_SKIT,en,comedy skit
EVENT_NAME,ja,イベント名
EVENT_NAME,en,event name
VETERAN_DRIVER,ja,ベテランドライバー
VETERAN_DRIVER,en,veteran driver
SINGER_NAME,ja,歌手名
SINGER_NAME,en,singer name
GRAB,ja,Grab
GRAB,en,Grab
PROVERB,ja,ことわざ
PROVERB,en,proverb
CEBU_ISLAND,ja,セブ島
CEBU_ISLAND,en,Cebu Island
IN_FLIGHT,ja,機内
IN_FLIGHT,en,in-flight
CARE_TAXI_ARUARU,ja,介護タクシーあるある
CARE_TAXI_ARUARU,en,care taxi common experiences
STREET,ja,通り
STREET,en,street
INDUSTRY_ARULE,ja,業界あるある
INDUSTRY_ARULE,en,industry common experiences
DEPARTMENT_NAME,ja,部署名
DEPARTMENT_NAME,en,department name
MISUNDERSTANDING,ja,誤解
MISUNDERSTANDING,en,misunderstanding
MISSTATEMENT,ja,言い間違い
MISSTATEMENT,en,misstatement
BATHHOUSE,ja,銭湯
BATHHOUSE,en,bathhouse
DESTINATION,ja,目的地
DESTINATION,en,destination
SPORTS_TERMS,ja,スポーツ用語
SPORTS_TERMS,en,sports terms
HAULING,ja,運搬
HAULING,en,hauling
DRUG_NAME,ja,薬品名
DRUG_NAME,en,drug name
BRAIN_MISCONVERSION,ja,脳内変換ミス
BRAIN_MISCONVERSION,en,brain misconversion
TAPE_TRANSCRIPTION,ja,テープ文字起こし
TAPE_TRANSCRIPTION,en,tape transcription
HUMAN_ERROR,ja,ヒューマンエラー
HUMAN_ERROR,en,human error
SHIGOTO,ja,仕事
SHIGOTO,en,work
VOICE_GUIDANCE,ja,音声案内
VOICE_GUIDANCE,en,voice guidance
COMIC_BLOG,ja,コミックブログ
COMIC_BLOG,en,comic blog
PRODUCT_GUIDANCE,ja,商品案内
PRODUCT_GUIDANCE,en,product guidance
FUFU,ja,夫婦
FUFU,en,spouses
ILLUSTRATION_ESSAY,ja,イラストエッセイ
ILLUSTRATION_ESSAY,en,illustration essay
SUUJI,ja,数字
SUUJI,en,numbers
NICHOSEIKATSU,ja,日常生活
NICHOSEIKATSU,en,daily life
TABEMONO,ja,食べ物
TABEMONO,en,food
KIGYO,ja,企業
KIGYO,en,company
WORKING_MOTHER,ja,働く母親
WORKING_MOTHER,en,working mother
PRODUCT_ORDER,ja,商品注文
PRODUCT_ORDER,en,product order
ZATSU_GAKU,ja,雑学
ZATSU_GAKU,en,trivia
TEXT_TRANSCRIPTION,ja,テキスト文字起こし
TEXT_TRANSCRIPTION,en,text transcription
SEASON,ja,季節
SEASON,en,season
BUSINESS_EFFICIENCY,ja,業務効率
BUSINESS_EFFICIENCY,en,business efficiency
DENWA_OUTAI,ja,電話応対
DENWA_OUTAI,en,phone response
ONSEI_NINSHIKI,ja,音声認識
ONSEI_NINSHIKI,en,speech recognition
HATTATSU_SHOGAI,ja,発達障害
HATTATSU_SHOGAI,en,developmental disorder
ELECTION,ja,選挙
ELECTION,en,election
GAME_JIKKYOU,ja,ゲーム実況
GAME_JIKKYOU,en,game commentary
BUSINESS_MANNERS,ja,ビジネスマナー
BUSINESS_MANNERS,en,business manners
SCHEDULE_ADJUSTMENT,ja,スケジュール調整
SCHEDULE_ADJUSTMENT,en,schedule adjustment
NICHOJISEIKATSU,ja,日常生活
NICHOJISEIKATSU,en,daily life
MUSICAL,ja,ミュージカル
MUSICAL,en,musical
KIRAKIRA_REGISTER_DIARY,ja,キラキラレジ日記
KIRAKIRA_REGISTER_DIARY,en,shiny register diary
OFFICE_WORK,ja,事務作業
OFFICE_WORK,en,office work
DENWA_DAIKOU,ja,電話代行
DENWA_DAIKOU,en,phone proxy
ACCOUNTING,ja,会計
ACCOUNTING,en,accounting
SHAMEI,ja,社名
SHAMEI,en,company name
NEW_EMPLOYEE,ja,新入社員
NEW_EMPLOYEE,en,new employee
CHEER_UP,ja,応援
CHEER_UP,en,cheer up
KODOMU,ja,子ども
KODOMU,en,child
NORTH_AMERICAN_LIFE,ja,北米生活
NORTH_AMERICAN_LIFE,en,North American life
COMIC,ja,コミック
COMIC,en,comic
REPEAT_CONFIRMATION,ja,繰り返し確認
REPEAT_CONFIRMATION,en,repeat confirmation
CHILD_REARING,ja,子育て
CHILD_REARING,en,child rearing
KOKYAKU_TAIOU,ja,顧客対応
KOKYAKU_TAIOU,en,customer service
WORD_PLAY,ja,言葉遊び
WORD_PLAY,en,word play
PART_TIME_JOB,ja,アルバイト
PART_TIME_JOB,en,part-time job
CORONA_CRISIS,ja,コロナ禍
CORONA_CRISIS,en,corona crisis
HEARING_INFORMATION_PROCESSING_DISORDER,ja,聴覚情報処理障害
HEARING_INFORMATION_PROCESSING_DISORDER,en,hearing information processing disorder
REPEAT,ja,繰り返し
REPEAT,en,repeat
NON_NATIVE_SPEAKER_INTERNATIONAL_CALL,ja,非ネイティブスピーカー国際電話
NON_NATIVE_SPEAKER_INTERNATIONAL_CALL,en,non-native speaker international call
TIME_NOTATION,ja,時間表記
TIME_NOTATION,en,time notation
ELEMENTARY_SCHOOL_STUDENT,ja,小学生
ELEMENTARY_SCHOOL_STUDENT,en,elementary school student
PICTURE_BOOK,ja,絵本
PICTURE_BOOK,en,picture book
MEETING,ja,会議
MEETING,en,meeting
BLOOD_DRAW,ja,採血
BLOOD_DRAW,en,blood draw
MINUTES,ja,議事録
MINUTES,en,minutes
HARD_OF_HEARING,ja,難聴
HARD_OF_HEARING,en,hard of hearing
KAIGO_MANGA,ja,介護漫画
KAIGO_MANGA,en,care manga
TENSYOKU,ja,転職
TENSYOKU,en,career change
MANGA,ja,漫画
MANGA,en,manga
OMOIKOMI,ja,思い込み
OMOIKOMI,en,preconception
APD,ja,聴覚処理障害
APD,en,auditory processing disorder
MANAGEMENT,ja,管理
MANAGEMENT,en,management
SOCIETY,ja,社会
SOCIETY,en,society
INCIDENT,ja,事件
INCIDENT,en,incident
HOMEN_KAIGO,ja,訪問介護
HOMEN_KAIGO,en,home care
POLITE,ja,丁寧
POLITE,en,polite
EXPERIENCE_STORY,ja,体験談
EXPERIENCE_STORY,en,experience story
NYUSHA_SETSUMEIKAI,ja,入社説明会
NYUSHA_SETSUMEIKAI,en,company orientation
STAGE,ja,舞台
STAGE,en,stage
HOCHOKI,ja,補聴器
HOCHOKI,en,hearing aid
ANIMAL_BEHAVIOR,ja,動物行動
ANIMAL_BEHAVIOR,en,animal behavior
MOM,ja,母親
MOM,en,mom
DENWA_TAIOU,ja,電話対応
DENWA_TAIOU,en,phone support
IKUJI,ja,育児
IKUJI,en,childcare
ILLUSTRATION,ja,イラスト
ILLUSTRATION,en,illustration
CHILDHOOD,ja,幼少期
CHILDHOOD,en,childhood
SHAKAIJIN,ja,社会人
SHAKAIJIN,en,working adult
HOMOPHONES,ja,同音異義語
HOMOPHONES,en,homophones
HEALTH,ja,健康
HEALTH,en,health
BUSINESS_MANNER,ja,ビジネスマナー
BUSINESS_MANNER,en,business manner
CONTRACT,ja,契約
CONTRACT,en,contract
SAGA,ja,佐賀
SAGA,en,Saga
FRENCH_PERSON,ja,フランス人
FRENCH_PERSON,en,French person
HIBOGO_WASHA,ja,非母語話者
HIBOGO_WASHA,en,non-native speaker
BRAIN_HEALTH,ja,脳の健康
BRAIN_HEALTH,en,brain health
SHINNYU_SHAIN,ja,新入社員
SHINNYU_SHAIN,en,new employee
JAPANESE_LEARNING,ja,日本語学習
JAPANESE_LEARNING,en,Japanese learning
CLEANING,ja,掃除
CLEANING,en,cleaning
SHUSHOKU_KATSUDO,ja,就職活動
SHUSHOKU_KATSUDO,en,job hunting
NEAR_MISS,ja,ヒヤリハット
NEAR_MISS,en,near miss
FAMILY_NAME,ja,姓
FAMILY_NAME,en,family name
POSTER,ja,ポスター
POSTER,en,poster
IDIOM,ja,慣用句
IDIOM,en,idiom
RECRUITMENT,ja,採用
RECRUITMENT,en,recruitment
FALSE_CHARGE,ja,冤罪
FALSE_CHARGE,en,false charge
VOCABULARY,ja,語彙
VOCABULARY,en,vocabulary
KATEI,ja,家庭
KATEI,en,home
BASEBALL,ja,野球
BASEBALL,en,baseball
NICJOU,ja,日常
NICJOU,en,daily life
KENSHU,ja,研修
KENSHU,en,training
YOUTUBE,ja,YouTube
YOUTUBE,en,YouTube
PORK,ja,豚肉
PORK,en,pork
REMOTE_WORK,ja,リモートワーク
REMOTE_WORK,en,remote work
ECONOMY,ja,経済
ECONOMY,en,economy
IZAKAYA,ja,居酒屋
IZAKAYA,en,izakaya
NUMERALS,ja,数字
NUMERALS,en,numerals
KATAKANA_GO,ja,カタカナ語
KATAKANA_GO,en,katakana word
SHIGA,ja,滋賀
SHIGA,en,Shiga
FUKUSYOU,ja,復唱
FUKUSYOU,en,repeat
KOSODATE,ja,子育て
KOSODATE,en,child rearing
HEALTH_CHECKUP,ja,健康診断
HEALTH_CHECKUP,en,health checkup
FOOD_AND_DRINK,ja,飲食
FOOD_AND_DRINK,en,food and drink
REKISHI,ja,歴史
REKISHI,en,history
GOYGEN,ja,語源
GOYGEN,en,word origin
NANCHO,ja,難聴
NANCHO,en,hearing loss
SAFETY,ja,安全
SAFETY,en,safety
CS_KOJO,ja,CS向上
CS_KOJO,en,customer satisfaction improvement
ADHD,ja,注意欠陥・多動性障害
ADHD,en,ADHD
HOCHOUKI,ja,補聴器
HOCHOUKI,en,hearing aid
KADEN,ja,家電
KADEN,en,home appliances
VOWEL,ja,母音
VOWEL,en,vowel
CHOURYOKU_KENSA,ja,聴力検査
CHOURYOKU_KENSA,en,hearing test
KYAKU,ja,客
KYAKU,en,customer
TOEIC,ja,TOEIC
TOEIC,en,TOEIC
PROGRAMMING,ja,プログラミング
PROGRAMMING,en,programming
INFECTIOUS_DISEASE,ja,感染症
INFECTIOUS_DISEASE,en,infectious disease
SHOKUBAN,ja,職場
SHOKUBAN,en,workplace
TENIN,ja,店員
TENIN,en,store clerk
KAIMONO,ja,買い物
KAIMONO,en,shopping
PHONE_CORRESPONDENCE,ja,電話対応
PHONE_CORRESPONDENCE,en,phone correspondence
COVID19_PANDEMIC,ja,COVID-19パンデミック
COVID19_PANDEMIC,en,COVID-19 pandemic
TEMPORARY_EMPLOYMENT,ja,派遣社員
TEMPORARY_EMPLOYMENT,en,temporary employment
JUKEN,ja,受験
JUKEN,en,exam preparation
KOUREISHA,ja,高齢者
KOUREISHA,en,elderly
RESEARCHER,ja,研究者
RESEARCHER,en,researcher
SHION,ja,紫音
SHION,en,Shion
REJI,ja,レジ
REJI,en,cash register
MODEL,ja,モデル
MODEL,en,model
HIRYOU,ja,肥料
HIRYOU,en,fertilizer
HOCHOU_KI,ja,補聴器
HOCHOU_KI,en,hearing aid
GENGO_SHOGAI,ja,言語障害
GENGO_SHOGAI,en,language disorder
MEAL,ja,食事
MEAL,en,meal
CHORYOKU,ja,聴力
CHORYOKU,en,hearing ability
KIKI_MACHI,ja,聞き待ち
KIKI_MACHI,en,listening wait
AGE_RELATED_HEARING_LOSS,ja,加齢性難聴
AGE_RELATED_HEARING_LOSS,en,age-related hearing loss
ASPERGER_SYNDROME,ja,アスペルガー症候群
ASPERGER_SYNDROME,en,Asperger syndrome
BTS,ja,BTS
BTS,en,BTS
H_AND_F,ja,健康と福祉
H_AND_F,en,health and welfare
FUKUSHI,ja,福祉
FUKUSHI,en,welfare
ENGLISH_WORD,ja,英単語
ENGLISH_WORD,en,English word
VIDEO,ja,ビデオ
VIDEO,en,video
SOCIAL_ISSUE,ja,社会問題
SOCIAL_ISSUE,en,social issue
SUPPORT,ja,サポート
SUPPORT,en,support
L_AND_R,ja,LとR
L_AND_R,en,L and R
POLICE,ja,警察
POLICE,en,police
INFANT,ja,乳児
INFANT,en,infant
CONSONANT,ja,子音
CONSONANT,en,consonant
EATING_OUT,ja,外食
EATING_OUT,en,eating out
NAIJI,ja,内耳
NAIJI,en,inner ear
NICHOJIKAIWA,ja,日常会話
NICHOJIKAIWA,en,daily conversation
NICKNAME,ja,ニックネーム
NICKNAME,en,nickname
DAIGAKU_JUKEN,ja,大学受験
DAIGAKU_JUKEN,en,university entrance exam
YUMOA,ja,ユーモア
YUMOA,en,humor
FALSE_ACCUSATION,ja,冤罪
FALSE_ACCUSATION,en,false accusation
TV,ja,テレビ
TV,en,TV
KOKOUSEI,ja,高校生
KOKOUSEI,en,high school student
KATAKANA,ja,カタカナ
KATAKANA,en,katakana
SEKIKUGYO,ja,接客業
SEKIKUGYO,en,customer service
AMERICAN_LIFE,ja,アメリカ生活
AMERICAN_LIFE,en,American life
ETF,ja,ETF
ETF,en,ETF
JIHEISHO,ja,自閉症
JIHEISHO,en,autism
KENKO,ja,健康
KENKO,en,health
CHOKAKU,ja,聴覚
CHOKAKU,en,hearing
IRYO_FUKUSHI,ja,医療福祉
IRYO_FUKUSHI,en,medical welfare
DAUGHTER,ja,娘
DAUGHTER,en,daughter
INSHOKUTEN,ja,飲食店
INSHOKUTEN,en,restaurant
HOUSEWORK_SERVICE,ja,家事代行
HOUSEWORK_SERVICE,en,housework service
FISH,ja,魚
FISH,en,fish
SPEECH_BANANA,ja,スピーチバナナ
SPEECH_BANANA,en,speech banana
LANGUAGE_DEVELOPMENT,ja,言語発達
LANGUAGE_DEVELOPMENT,en,language development
WORK_EMPLOYMENT,ja,仕事・雇用
WORK_EMPLOYMENT,en,work and employment
COMMUNICATION_ERROR,ja,コミュニケーションエラー
COMMUNICATION_ERROR,en,communication error
SYMBOLISM_METAPHOR,ja,象徴・比喩
SYMBOLISM_METAPHOR,en,symbolism/metaphor
BCG,ja,BCG
BCG,en,BCG
DENTAL_CLINIC,ja,歯科医院
DENTAL_CLINIC,en,dental clinic
MIDDLE_AGED,ja、中年
MIDDLE_AGED,en,middle-aged
ATC,ja,航空管制
ATC,en,air traffic control
SEIZO_GYO,ja,製造業
SEIZO_GYO,en,manufacturing industry
OPERATOR_TRAINING,ja,オペレーター研修
OPERATOR_TRAINING,en,operator training
MCKINSEY,ja,マッキンゼー
MCKINSEY,en,McKinsey
KATAKANA_ENGLISH,ja,カタカナ英語
KATAKANA_ENGLISH,en,katakana English
SAFETY_MANAGEMENT,ja,安全管理
SAFETY_MANAGEMENT,en,safety management
DIGITALIZATION,ja,デジタル化
DIGITALIZATION,en,digitalization
TELEPHONE_RESPONSE,ja,電話応対
TELEPHONE_RESPONSE,en,telephone response
SIZE_ORDER,ja,サイズ順
SIZE_ORDER,en,size order
NICHIZI_KAKUNIN,ja,日次確認
NICHIZI_KAKUNIN,en,daily confirmation
SUURYOU,ja,数量
SUURYOU,en,quantity
INSTRUCTION,ja,指示
INSTRUCTION,en,instruction
FACTORY_AUTOMATION,ja,工場自動化
FACTORY_AUTOMATION,en,factory automation
WORK_TECHNIQUE,ja,作業技術
WORK_TECHNIQUE,en,work technique
KOUKYUUSHA,ja,高級車
KOUKYUUSHA,en,luxury car
SELF_ORDER,ja,セルフ注文
SELF_ORDER,en,self-order
DOONIGIGO,ja,同音異義語
DOONIGIGO,en,homophones
INDIGENOUS_PEOPLE,ja,先住民
INDIGENOUS_PEOPLE,en,indigenous people
BUSINESS_SKILL,ja,ビジネススキル
BUSINESS_SKILL,en,business skill
NURSING_CARE,ja,介護
NURSING_CARE,en,nursing care
DIRTY_JOKE,ja,下ネタ
DIRTY_JOKE,en,dirty joke
COLUMN,ja,コラム
COLUMN,en,column
SEARCH,ja,検索
SEARCH,en,search
SELL,ja,販売
SELL,en,sell
ADULT_MIDDLEAGED,ja,成人・中年
ADULT_MIDDLEAGED,en,adult/middle-aged
LITERATURE,ja,文学
LITERATURE,en,literature
TRAINING,ja,研修
TRAINING,en,training
MISTAKE_PREVENTION,ja,ミス防止
MISTAKE_PREVENTION,en,mistake prevention
BRAND_NAME,ja,ブランド名
BRAND_NAME,en,brand name
DX,ja,DX
DX,en,DX
ANALYSIS,ja,分析
ANALYSIS,en,analysis
DOCUMENT,ja,文書
DOCUMENT,en,document
MARKETING,ja,マーケティング
MARKETING,en,marketing
FOREIGN_COMPANY,ja,外資系企業
FOREIGN_COMPANY,en,foreign company
WORK_EFFICIENCY,ja,業務効率
WORK_EFFICIENCY,en,work efficiency
GLOBAL_ISSUE,ja,グローバル課題
GLOBAL_ISSUE,en,global issue
SEKKYAKU,ja,接客
SEKKYAKU,en,customer service
INTERNATIONAL_FLIGHT,ja,国際便
INTERNATIONAL_FLIGHT,en,international flight
HUMAN_SKILL,ja,ヒューマンスキル
HUMAN_SKILL,en,human skill
ORGANIZATIONAL_THEORY,ja,組織論
ORGANIZATIONAL_THEORY,en,organizational theory
NEW_EMPLOYEE_TRAINING,ja,新入社員研修
NEW_EMPLOYEE_TRAINING,en,new employee training
DOUBLE_CHECK,ja,ダブルチェック
DOUBLE_CHECK,en,double check
CORPORATE_INTERVIEW,ja,企業面接
CORPORATE_INTERVIEW,en,corporate interview
REAL_ESTATE_TERMS,ja,不動産用語
REAL_ESTATE_TERMS,en,real estate terms
JOB_HUNTING,ja,就職活動
JOB_HUNTING,en,job hunting
TRANSACTION,ja,取引
TRANSACTION,en,transaction
AIR_TRAFFIC_CONTROL,ja,航空管制
AIR_TRAFFIC_CONTROL,en,air traffic control
OPERATION,ja,操作
OPERATION,en,operation
OTSUKAI,ja,お使い
OTSUKAI,en,errand
CONSULTANT,ja,コンサルタント
CONSULTANT,en,consultant
REHABILITATION,ja,リハビリ
REHABILITATION,en,rehabilitation
ANIME,ja,アニメ
ANIME,en,anime
UNIT,ja,単位
UNIT,en,unit
5W1H,ja,5W1H
5W1H,en,5W1H
KIGYO_SHIEN,ja,企業支援
KIGYO_SHIEN,en,business support
GYOMU_EFFICIENCY,ja,業務効率化
GYOMU_EFFICIENCY,en,work efficiency improvement
AWARD,ja,賞
AWARD,en,award
SEIKATSU_CHISHIKI,ja,生活知識
SEIKATSU_CHISHIKI,en,lifestyle knowledge
DENTISTRY,ja,歯科
DENTISTRY,en,dentistry
MEDICAL_SITE,ja,医療現場
MEDICAL_SITE,en,medical site
MEMO_TECHNIQUE,ja,メモ技術
MEMO_TECHNIQUE,en,memo technique
KENRISHO,ja,権利書
KENRISHO,en,title deed
GEONAME_PUBLIC_FACILITY,ja,地名公共施設
GEONAME_PUBLIC_FACILITY,en,place name public facility
CHEMISTRY,ja,化学
CHEMISTRY,en,chemistry
PATIENT_CONFIRMATION,ja,患者確認
PATIENT_CONFIRMATION,en,patient confirmation
SHINJIN_KENSHU,ja,新人研修
SHINJIN_KENSHU,en,new employee training
WRITER,ja,作家
WRITER,en,writer
CONSULTING,ja,コンサルティング
CONSULTING,en,consulting
SHOUHINMEI,ja,商品名
SHOUHINMEI,en,product name
SHAKAI_HOKEN,ja,社会保険
SHAKAI_HOKEN,en,social insurance
KAISHA,ja,会社
KAISHA,en,company
ELEMENT,ja,要素
ELEMENT,en,element
WORD,ja,単語
WORD,en,word
OVERSEAS_BUSINESS_TRIP,ja,海外出張
OVERSEAS_BUSINESS_TRIP,en,overseas business trip
NYUSHA_SHIKI,ja,入社式
NYUSHA_SHIKI,en,company entrance ceremony
SYSTEM_CREATION,ja,システム構築
SYSTEM_CREATION,en,system creation
DRINKING_PARTY,ja,飲み会
DRINKING_PARTY,en,drinking party
MEDICAL_SAFETY,ja,医療安全
MEDICAL_SAFETY,en,medical safety
ORDER_MISS,ja,注文ミス
ORDER_MISS,en,order mistake
SHOKUBA,ja,職場
SHOKUBA,en,workplace
YOUTUBER,ja,ユーチューバー
YOUTUBER,en,YouTuber
TABLE_NUMBER,ja,テーブル番号
TABLE_NUMBER,en,table number
DOKKIRI,ja,ドッキリ
DOKKIRI,en,prank
SEIDO_RIKAI,ja,制度理解
SEIDO_RIKAI,en,system understanding
MEDICAL_ACCIDENT,ja,医療事故
MEDICAL_ACCIDENT,en,medical accident
SCIENCE,ja,科学
SCIENCE,en,science
WORKPLACE_COMMUNICATION,ja,職場コミュニケーション
WORKPLACE_COMMUNICATION,en,workplace communication
MANSION,ja,マンション
MANSION,en,mansion
REAL_ESTATE,ja,不動産
REAL_ESTATE,en,real estate
LINKEDIN,ja,LinkedIn
LINKEDIN,en,LinkedIn
JAPANESE_COMPANY,ja,日本企業
JAPANESE_COMPANY,en,Japanese company
PROJECT_MANAGEMENT,ja,プロジェクト管理
PROJECT_MANAGEMENT,en,project management
NEW_GRADUATE,ja,新卒
NEW_GRADUATE,en,new graduate
HOURENSOU,ja,報連相
HOURENSOU,en,"reporting, contacting, consulting"
LANGUAGE,ja,言語
LANGUAGE,en,language
ACTIVE_LISTENING,ja,積極的傾聴
ACTIVE_LISTENING,en,active listening
SHINSOTSU,ja,新卒
SHINSOTSU,en,new graduate
CORPORATE_COLLABORATION,ja,企業連携
CORPORATE_COLLABORATION,en,corporate collaboration
JAPAN,ja,日本
JAPAN,en,Japan
CHILE,ja,チリ
CHILE,en,Chile
STATION,ja,駅
STATION,en,station
KEIEI_SODAN,ja,経営相談
KEIEI_SODAN,en,management consultation
PACKAGE_DESIGN,ja,パッケージデザイン
PACKAGE_DESIGN,en,package design
PHONETIC_CHANGE,ja,音声変化
PHONETIC_CHANGE,en,phonetic change
GEOPOLITICS,ja,地政学
GEOPOLITICS,en,geopolitics
POSITIVE_THINKING,ja,ポジティブ思考
POSITIVE_THINKING,en,positive thinking
WINE,ja,ワイン
WINE,en,wine
ENGINEERING,ja,工学
ENGINEERING,en,engineering
BUSINESS_TERMS,ja,ビジネス用語
BUSINESS_TERMS,en,business terms
CRISIS_MANAGEMENT,ja,危機管理
CRISIS_MANAGEMENT,en,crisis management
PRODUCT_DEVELOPMENT,ja,製品開発
PRODUCT_DEVELOPMENT,en,product development
ORDERING,ja,注文
ORDERING,en,ordering
ERROR_PREVENTION,ja,エラー防止
ERROR_PREVENTION,en,error prevention
SHOP,ja,店舗
SHOP,en,shop
QUANTITY,ja,数量
QUANTITY,en,quantity
IINKAE_FUKUSHO,ja,委員会復唱
IINKAE_FUKUSHO,en,committee repetition
DRIVE,ja,運転
DRIVE,en,drive
LESSON,ja,授業
LESSON,en,lesson
RYOKOU,ja,旅行
RYOKOU,en,travel
EMPLOYMENT,ja,雇用
EMPLOYMENT,en,employment
REGISTERED_DIETITIAN,ja,管理栄養士
REGISTERED_DIETITIAN,en,registered dietitian
CEMENT,ja,セメント
CEMENT,en,cement
PRODUCT,ja,製品
PRODUCT,en,product
MONTH_NAME,ja,月名
MONTH_NAME,en,month name
TELEWORK,ja,テレワーク
TELEWORK,en,telework
CONSTRUCTION,ja,建設
CONSTRUCTION,en,construction
TECHNICAL_TERM,ja,専門用語
TECHNICAL_TERM,en,technical term
PARENT_CHILD,ja,親子
PARENT_CHILD,en,parent-child
SEKIKYAKU,ja,接客
SEKIKYAKU,en,customer service
EXPLANATION,ja,説明
EXPLANATION,en,explanation
GROWTH,ja,成長
GROWTH,en,growth
QUERY,ja,問い合わせ
QUERY,en,query
IVR,ja,IVR
IVR,en,IVR
MUSEN,ja,無線
MUSEN,en,wireless
MASK,ja,マスク
MASK,en,mask
CAREER_UP,ja,キャリアアップ
CAREER_UP,en,career up
KAREI,ja,加齢
KAREI,en,aging
MINECRAFT,ja,Minecraft
MINECRAFT,en,Minecraft
VOICE_CHAT,ja,ボイスチャット
VOICE_CHAT,en,voice chat
APPOINTMENT,ja,予約
APPOINTMENT,en,appointment
KOUONIKI,ja,高音域
KOUONIKI,en,high frequency range
BIKE_SHOP,ja,自転車店
BIKE_SHOP,en,bike shop
EMPLOYMENT_SUPPORT,ja,雇用支援
EMPLOYMENT_SUPPORT,en,employment support
LOVE_REALITY,ja,恋愛リアリティ
LOVE_REALITY,en,love reality
PHONE_RESPONSE,ja,電話応答
PHONE_RESPONSE,en,phone response
CHATBOT,ja,チャットボット
CHATBOT,en,chatbot
NOISE,ja,ノイズ
NOISE,en,noise
NUMBERS,ja,数字
NUMBERS,en,numbers
LANGUAGE_LEARNING,ja,言語学習
LANGUAGE_LEARNING,en,language learning
TSUUSHIN,ja,通信
TSUUSHIN,en,communication
KAREISEI_NANCHO,ja,加齢性難聴
KAREISEI_NANCHO,en,age-related hearing loss
FUKUSHO,ja,復唱
FUKUSHO,en,repetition
JIMUSHOKU,ja,事務職
JIMUSHOKU,en,clerical work
KAISHA_MEI,ja,会社名
KAISHA_MEI,en,company name
BUSINESS_COMMUNICATION,ja,ビジネスコミュニケーション
BUSINESS_COMMUNICATION,en,business communication
RULE,ja,ルール
RULE,en,rule
MILITARY,ja,軍隊
MILITARY,en,military
PHONETIC_ALPHABET,ja,音声アルファベット
PHONETIC_ALPHABET,en,phonetic alphabet
FAMILY_RESTAURANT,ja,ファミリーレストラン
FAMILY_RESTAURANT,en,family restaurant
REPRIMAND,ja,叱責
REPRIMAND,en,reprimand
MESSAGE,ja,メッセージ
MESSAGE,en,message
BEAUTY_SALON,ja,美容院
BEAUTY_SALON,en,beauty salon
MEDICATION_GUIDANCE,ja,薬剤指導
MEDICATION_GUIDANCE,en,medication guidance
IN_STORE_ANNOUNCEMENT,ja,店内アナウンス
IN_STORE_ANNOUNCEMENT,en,in-store announcement
SPELL_CHECK,ja,スペルチェック
SPELL_CHECK,en,spell check
BRAND,ja,ブランド
BRAND,en,brand
MENTAL_HEALTH,ja,メンタルヘルス
MENTAL_HEALTH,en,mental health
RISK_AVOIDANCE,ja,リスク回避
RISK_AVOIDANCE,en,risk avoidance
CHOURYOKU,ja,聴力
CHOURYOKU,en,hearing ability
DAILY_GROUP,ja,日常グループ
DAILY_GROUP,en,daily group
YOUTH_SLANG,ja,若者スラング
YOUTH_SLANG,en,youth slang
MATERIAL,ja,材料
MATERIAL,en,material
YAKYUU,ja,野球
YAKYUU,en,baseball
STUDENT,ja,学生
STUDENT,en,student
OUTDOOR,ja,屋外
OUTDOOR,en,outdoor
BATHING,ja,入浴
BATHING,en,bathing
EKIDEN,ja,駅伝
EKIDEN,en,ekiden
SHOKUBAJO,ja,職場
SHOKUBAJO,en,workplace
BUSINESS_CONVERSATION,ja,ビジネス会話
BUSINESS_CONVERSATION,en,business conversation
GAICHU,ja,害虫
GAICHU,en,pest
SHOKUDOU,ja,食堂
SHOKUDOU,en,dining hall
EIGA,ja,映画
EIGA,en,movie
KIKIMANIGAI,ja,言い間違い
KIKIMANIGAI,en,misstatement
FAMOUS_PERSON,ja,有名人
FAMOUS_PERSON,en,famous person
GAIKOKUGO_TITLE,ja,外国語のタイトル
GAIKOKUGO_TITLE,en,foreign language title
SENKYO,ja,選挙
SENKYO,en,election
HIGH_SCHOOL_STUDENT,ja,高校生
HIGH_SCHOOL_STUDENT,en,high school student
AUDIO,ja,音声
AUDIO,en,audio
SHIMETA,ja,湿った
SHIMETA,en,damp
TRAFFIC_INFORMATION,ja,交通情報
TRAFFIC_INFORMATION,en,traffic information
HIMOBOGOSHA,ja,誤語の受け手
HIMOBOGOSHA,en,mishearing recipient
FUKU,ja,服
FUKU,en,clothing
KAIGI,ja,会議
KAIGI,en,meeting
NICHOH_KAIWA,ja,日常会話
NICHOH_KAIWA,en,daily conversation
FASHION,ja,ファッション
FASHION,en,fashion
SHUKUDAI,ja,宿題
SHUKUDAI,en,homework
CAR_INTERIOR,ja,車内
CAR_INTERIOR,en,car interior
EIGAKAN,ja,映画館
EIGAKAN,en,movie theater
BASU,ja,バス
BASU,en,bus
KANYU,ja,勧誘
KANYU,en,solicitation
DOON_IIGIGO,ja,同音異義語
DOON_IIGIGO,en,homonym
HOUGEN,ja,方言
HOUGEN,en,dialect
RYOKAN,ja,旅館
RYOKAN,en,Japanese inn
EXHIBITION,ja,展示会
EXHIBITION,en,exhibition
KURUMA,ja,車
KURUMA,en,car
INRYOU,ja,飲料
INRYOU,en,beverage
JIDAIGEKI,ja,時代劇
JIDAIGEKI,en,period drama
EIKAIWA,ja,英会話
EIKAIWA,en,English conversation
KOTOBA_ASOBI,ja,言葉遊び
KOTOBA_ASOBI,en,word play
REPORT,ja,報告
REPORT,en,report
SHOKUBAJOU,ja,職場上
SHOKUBAJOU,en,on the job
COMEDIAN,ja,芸人
COMEDIAN,en,comedian
DETO,ja,デート
DETO,en,date
ELEVATOR,ja,エレベーター
ELEVATOR,en,elevator
NENSHI,ja,年始
NENSHI,en,New Year
EDUCATION_SITE,ja,教育現場
EDUCATION_SITE,en,educational setting
PROPOSE,ja,プロポーズ
PROPOSE,en,proposal
NICHJO,ja,日常
NICHJO,en,daily life
SHIMONETA,ja,下ネタ
SHIMONETA,en,dirty joke
KANSAIBEN,ja,関西弁
KANSAIBEN,en,Kansai dialect
DAIETTO,ja,ダイエット
DAIETTO,en,diet
HOKEN,ja,保険
HOKEN,en,insurance
WORKSITE,ja,作業現場
WORKSITE,en,worksite
SUPA-,ja,スーパー
SUPA-,en,supermarket
HOUSEWIFE,ja,主婦
HOUSEWIFE,en,housewife
ONGAKU,ja,音楽
ONGAKU,en,music
LIFE,ja,生活
LIFE,en,life
TETSURO,ja,鉄道
TETSURO,en,railway
MICHIANNAI,ja,道案内
MICHIANNAI,en,directions
SURYOU_HYOUJUN,ja,数量・基準
SURYOU_HYOUJUN,en,quantity/standard
TENRAN_KAI,ja,展覧会
TENRAN_KAI,en,art exhibition
BODY_PART,ja,身体部位
BODY_PART,en,body part
SHOGAKUSEI,ja,小学生
SHOGAKUSEI,en,elementary student
YU-MOA,ja,ユーモア
YU-MOA,en,humor
ASTRONOMY,ja,天文学
ASTRONOMY,en,astronomy
GAKKO,ja,学校
GAKKO,en,school
DOBUTSU,ja,動物
DOBUTSU,en,animal
SEIBUTSU,ja,生物
SEIBUTSU,en,organism
IIMANEGAI,ja,言いま願い
IIMANEGAI,en,wish phrased wrongly
BENKYO,ja,勉強
BENKYO,en,study
WAGASHI,ja,和菓子
WAGASHI,en,Japanese sweets
WORLD_HERITAGE,ja,世界遺産
WORLD_HERITAGE,en,World Heritage
ZODIAC,ja,十二支
ZODIAC,en,zodiac
NYUSU,ja,ニュース
NYUSU,en,news
DEPARTMENT_STORE,ja,デパート
DEPARTMENT_STORE,en,department store
SHOHINMEI,ja,商品名
SHOHINMEI,en,product name
TSUKKIN,ja,通勤
TSUKKIN,en,commuting
EKIMEI,ja,駅名
EKIMEI,en,station name
KAPPURU,ja,カップル
KAPPURU,en,couple
BYOKI,ja,病気
BYOKI,en,illness
TAISO,ja,体操
TAISO,en,gymnastics
TSUKIN,ja,通勤
TSUKIN,en,commute
HONYA,ja,本屋
HONYA,en,bookstore
PARKING_LOT,ja,駐車場
PARKING_LOT,en,parking lot
DENSHA,ja,電車
DENSHA,en,train
KOUTSUU,ja,交通
KOUTSUU,en,transportation
INTERCULTURAL_COMMUNICATION,ja,異文化コミュニケーション
INTERCULTURAL_COMMUNICATION,en,intercultural communication
YAKYU,ja,野球
YAKYU,en,baseball
MAIL_ORDER,ja,通販
MAIL_ORDER,en,mail order
KANTUGAI,ja,勘違い
KANTUGAI,en,misunderstanding
HIMOGO_SPEAKER,ja,誤語話者
HIMOGO_SPEAKER,en,mispronouncer
KIKIMANEGAI,ja,聞き間願い
KIKIMANEGAI,en,wish on mishearing
STATION_TRANSPORT,ja,駅・交通
STATION_TRANSPORT,en,station/transport
IIMACHI,ja,言い間違い
IIMACHI,en,misstatement
SIBLINGS,ja,兄弟姉妹
SIBLINGS,en,siblings
BIYOUSHITSU,ja,美容室
BIYOUSHITSU,en,beauty salon
KAMIDANA,ja,神棚
KAMIDANA,en,household altar
SAKKAA,ja,サッカー
SAKKAA,en,soccer
COMPANY,ja,会社
COMPANY,en,company
ZASSHI,ja,雑誌
ZASSHI,en,magazine
TITLE,ja,タイトル
TITLE,en,title
JYUTAKU,ja,住宅
JYUTAKU,en,housing
SEIKATSU,ja,生活
SEIKATSU,en,life
TEACHER,ja,教師
TEACHER,en,teacher
BOOKSTORE,ja,書店
BOOKSTORE,en,bookstore
PET_SHOP,ja,ペットショップ
PET_SHOP,en,pet shop
QUIZ,ja,クイズ
QUIZ,en,quiz
DESAIN,ja,デザイン
DESAIN,en,design
TENJIKAI,ja,展示会
TENJIKAI,en,exhibition
KATAKANAGO,ja,カタカナ語
KATAKANAGO,en,katakana word
DAIGAKU,ja,大学
DAIGAKU,en,university
KASHI,ja,歌詞
KASHI,en,lyrics
KIKIMANAE,ja,聞きまない
KIKIMANAE,en,failure to hear
GEINOU,ja,芸能
GEINOU,en,entertainment
SYOKUTAKU,ja,食卓
SYOKUTAKU,en,dinner table
R_SHITEI,ja,R指定
R_SHITEI,en,R-rated
SHUKATSU,ja,就活
SHUKATSU,en,job hunting
KOUKYOUNOBA,ja,公共の場
KOUKYOUNOBA,en,public space
EKI,ja,駅
EKI,en,station
IIMANIGAI,ja,言い間違い
IIMANIGAI,en,verbal mistake
TENKI,ja,天気
TENKI,en,weather
KAKIKOMACHI,ja,書き込み待ち
KAKIKOMACHI,en,waiting to be filled
IIMACHIGAI,ja,言い間違い
IIMACHIGAI,en,slip of the tongue
BIYOIN,ja,病院
BIYOIN,en,hospital
SYOKUJI,ja,食事
SYOKUJI,en,meal
BAND_NAME,ja,バンド名
BAND_NAME,en,band name
CHUMON,ja,注文
CHUMON,en,order
CLASSROOM,ja,教室
CLASSROOM,en,classroom
SENMON_YOGO,ja,専門用語
SENMON_YOGO,en,technical term
IIMATUGAI,ja,言い間違い
IIMATUGAI,en,verbal slip
PROGRAM_NAME,ja,番組名
PROGRAM_NAME,en,program name
GEONAME_PERSONNAME,ja,地名・人名
GEONAME_PERSONNAME,en,geographical/person name
VALENTINE,ja,バレンタイン
VALENTINE,en,Valentine's Day
PERSONAL_COMPUTER,ja,パソコン
PERSONAL_COMPUTER,en,personal computer
IGAKU_YOUGO,ja,医学用語
IGAKU_YOUGO,en,medical term
OYAKO,ja,親子
OYAKO,en,parent and child
ART,ja,アート
ART,en,art
HITORIGOTO,ja,独り言
HITORIGOTO,en,monologue
YAOYA,ja,八百屋
YAOYA,en,greengrocer
HANKAGAI,ja,繁華街
HANKAGAI,en,shopping district
ANNAUNSU,ja,アナウンス
ANNAUNSU,en,announcement
ADJECTIVE,ja,形容詞
ADJECTIVE,en,adjective
DRUGSTORE,ja,ドラッグストア
DRUGSTORE,en,drugstore
SHOSEKI,ja,書籍
SHOSEKI,en,book
PROGRAM_INTRODUCTION,ja,番組紹介
PROGRAM_INTRODUCTION,en,program introduction
RESUTORAN,ja,レストラン
RESUTORAN,en,restaurant
BUKATSU,ja,部活
BUKATSU,en,club activity
SOUND_SIMILARITY,ja,音の類似
SOUND_SIMILARITY,en,sound similarity
CHUGAKUSEI,ja,中学生
CHUGAKUSEI,en,junior high student
JAM,ja,ジャム
JAM,en,jam
COMMERCIAL,ja,コマーシャル
COMMERCIAL,en,commercial
MEDIA,ja,メディア
MEDIA,en,media
VIDEO_TEN,ja,映像点
VIDEO_TEN,en,video segment
TOMODACHI,ja,友達
TOMODACHI,en,friend
HIMOGO_SHAKUSHA,ja,誤語釈者
HIMOGO_SHAKUSHA,en,misinterpretation agent
IIIMACHIGAI,ja,言い間違い
IIIMACHIGAI,en,slip of the tongue
UKETSUKE,ja,受付
UKETSUKE,en,reception
RENAI,ja,恋愛
RENAI,en,romance
KOTSU,ja,コツ
KOTSU,en,knack
KOUKYOU_ANNOUNCE,ja,公共アナウンス
KOUKYOU_ANNOUNCE,en,public announcement
IIMAECHIGAI,ja,言い間違え違い
IIMAECHIGAI,en,wrong mishearing
NANGO,ja,難語
NANGO,en,difficult word
DOKUSHO,ja,読書
DOKUSHO,en,reading
SHOKUTAKU,ja,食卓
SHOKUTAKU,en,dining table
HAPPYOKAI,ja,発表会
HAPPYOKAI,en,recital
FOOD_BEVERAGE,ja,食べ物・飲み物
FOOD_BEVERAGE,en,food & beverage
KANJI,ja,漢字
KANJI,en,kanji
YOJI,ja,四字熟語
YOJI,en,yoji-jukugo
TSUUKIN,ja,通勤
TSUUKIN,en,commuting
MARRIED_COUPLE,ja,夫婦
MARRIED_COUPLE,en,married couple
GAKUSEI,ja,学生
GAKUSEI,en,student
TOOL,ja,道具
TOOL,en,tool
ASA,ja,朝
ASA,en,morning
INDUSTRY_JARGON,ja,業界用語
INDUSTRY_JARGON,en,industry jargon
DENCHI,ja,電池
DENCHI,en,battery
ZATSUDAN,ja,雑談
ZATSUDAN,en,chat
ANOUNSU,ja,アナウンス
ANOUNSU,en,announcement
PHILOSOPHY,ja,哲学
PHILOSOPHY,en,philosophy
ENGETSUBU,ja,演劇部
ENGETSUBU,en,drama club
HOMONYM,ja,同音異義語
HOMONYM,en,homonym
CLERK,ja,店員
CLERK,en,clerk
AKACHAN,ja,赤ちゃん
AKACHAN,en,baby
KOUKYOUTSUUKOU,ja,公共通行
KOUKYOUTSUUKOU,en,public traffic
INSHOKU,ja,飲食
INSHOKU,en,eating and drinking
KOKKAI,ja,国会
KOKKAI,en,national diet
SUGAKU,ja,数学
SUGAKU,en,mathematics
YUUJIN,ja,友人
YUUJIN,en,friend
KOIBITO,ja,恋人
KOIBITO,en,lover
GINKO,ja,銀行
GINKO,en,bank
KOKYO_KOTSU,ja,公共交通
KOKYO_KOTSU,en,public transport
ANNOUNCE,ja,アナウンス
ANNOUNCE,en,announcement
LIVE,ja,ライブ
LIVE,en,live
KONBINI,ja,コンビニ
KONBINI,en,convenience store
HIMOYO_WASESHA,ja,誤用和製者
HIMOYO_WASESHA,en,misuser of wasei-go
BUS_STOP,ja,バス停
BUS_STOP,en,bus stop
DOUWA,ja,童話
DOUWA,en,fairy tale
GOLF,ja,ゴルフ
GOLF,en,golf
GENDAIGO,ja,現代語
GENDAIGO,en,modern Japanese
DOUON_IIGI_GO,ja,同音異義語
DOUON_IIGI_GO,en,homonym
ONSEI,ja,音声
ONSEI,en,sound
KAZOKU_YUJIN,ja,家族・友人
KAZOKU_YUJIN,en,family/friends
JYUSHO,ja,住所
JYUSHO,en,address
DAILY,ja,日常
DAILY,en,daily
KITCHEN,ja,キッチン
KITCHEN,en,kitchen
HIMOGO_WASHA,ja,誤語話者
HIMOGO_WASHA,en,mispronouncer
LAW,ja,法律
LAW,en,law
KIMETSU_NO_YAIBA,ja,鬼滅の刃
KIMETSU_NO_YAIBA,en,Demon Slayer
HOME_APPLIANCE,ja,家電
HOME_APPLIANCE,en,home appliance
HIMOGOHAWASHA,ja,誤語派話者
HIMOGOHAWASHA,en,variant mispronouncer
AGRICULTURE,ja,農業
AGRICULTURE,en,agriculture
HISTORICAL_PROGRAM,ja,歴史番組
HISTORICAL_PROGRAM,en,historical program
RAJIO,ja,ラジオ
RAJIO,en,radio
IWATE_BEN,ja,岩手弁
IWATE_BEN,en,Iwate dialect
READING_MISTAKE,ja,読み間違い
READING_MISTAKE,en,reading error
OTONA,ja,大人
OTONA,en,adult
SHOKUJI,ja,食事
SHOKUJI,en,meal
TENPO,ja,店舗
TENPO,en,store
NENMATSU_NENSHI,ja,年末年始
NENMATSU_NENSHI,en,year-end and New Year
SHOKUBUTSU,ja,植物
SHOKUBUTSU,en,plant
SHUNOU,ja,収納
SHUNOU,en,storage
SHOUHIN,ja,商品
SHOUHIN,en,product
KAZOKU,ja,家族
KAZOKU,en,family
WEDDING,ja,結婚式
WEDDING,en,wedding
ECHO,ja,エコー
ECHO,en,echo
PARK,ja,公園
PARK,en,park
DRAWING,ja,絵
DRAWING,en,drawing
STARBUCKS,ja,スターバックス
STARBUCKS,en,Starbucks
UNCLEAR_PRONUNCIATION,ja,不明瞭な発音
UNCLEAR_PRONUNCIATION,en,unclear pronunciation
SAKEBIGOE,ja,叫び声
SAKEBIGOE,en,scream
JUGYOU,ja,授業
JUGYOU,en,class
SUIZOKUKAN,ja,水族館
SUIZOKUKAN,en,aquarium
BIJUTSU,ja,美術
BIJUTSU,en,art
RYAKUSHOU,ja,略称
RYAKUSHOU,en,abbreviation
GEINO,ja,芸能
GEINO,en,entertainment
YUJIN,ja,友人
YUJIN,en,friend
TENKIPYOHO,ja,天気予報
TENKIPYOHO,en,weather forecast
KOYUU_MEISHI,ja,固有名詞
KOYUU_MEISHI,en,proper noun
MISPRONUNCIATION,ja,発音ミス
MISPRONUNCIATION,en,mispronunciation
SACCA,ja,作家
SACCA,en,author
KARAOKE,ja,カラオケ
KARAOKE,en,karaoke
BEAUTY,ja,美
BEAUTY,en,beauty
HIMOBOGO_WASEISHA,ja,誤母語和製者
HIMOBOGO_WASEISHA,en,wasei-go speaker with L1 interference
FORMAL,ja,フォーマル
FORMAL,en,formal
LOVER,ja,恋人
LOVER,en,lover
SHINBUN,ja,新聞
SHINBUN,en,newspaper
RYOURI,ja,料理
RYOURI,en,cooking
LAW_FIRM,ja,法律事務所
LAW_FIRM,en,law firm
FURO,ja,風呂
FURO,en,bath
GARAIGO,ja,外来語
GARAIGO,en,loanword
IIMATSUGAI,ja,言い間違い
IIMATSUGAI,en,verbal slip
KARADA,ja,身体
KARADA,en,body
AWARD_CEREMONY,ja,授賞式
AWARD_CEREMONY,en,award ceremony
AISATSU,ja,挨拶
AISATSU,en,greeting
SHOKUHIN,ja,食品
SHOKUHIN,en,food
KONSATO,ja,コンサート
KONSATO,en,concert
NYUUSU,ja,ニュース
NYUUSU,en,news
NOIZU,ja,ノイズ
NOIZU,en,noise
TETSUDOU,ja,鉄道
TETSUDOU,en,railway
GYMNASIUM,ja,体育館
GYMNASIUM,en,gymnasium
R_RESTRICTED,ja,R指定
R_RESTRICTED,en,R-rated
OKUGAI,ja,屋外
OKUGAI,en,outdoors
ENKAI,ja,宴会
ENKAI,en,banquet
SUPPORT_CENTER,ja,支援センター
SUPPORT_CENTER,en,support center
IIMANAE,ja,言い間え
IIMANAE,en,misutterance
KYOSHITSU,ja,教室
KYOSHITSU,en,classroom
YOUTIEN,ja,幼稚園
YOUTIEN,en,kindergarten
TENRANKAI,ja,展覧会
TENRANKAI,en,exhibition
CONCERT,ja,コンサート
CONCERT,en,concert
TOUKOU,ja,投稿
TOUKOU,en,submission
CELEBRITY_NAME,ja,著名人名
CELEBRITY_NAME,en,celebrity name
KOKUYUMEISHI,ja,固有名詞
KOKUYUMEISHI,en,proper noun
DRIVING_LICENSE_CENTER,ja,運転免許センター
DRIVING_LICENSE_CENTER,en,driving license center
CRAM_SCHOOL,ja,塾
CRAM_SCHOOL,en,cram school
CALL_NAME,ja,呼び名
CALL_NAME,en,name used
NEBOKE,ja,寝ぼけ
NEBOKE,en,grogginess
HANA,ja,花
HANA,en,flower
SHIKITEN,ja,式典
SHIKITEN,en,ceremony
ONIGIRI,ja,おにぎり
ONIGIRI,en,rice ball
YUUMEIJIN,ja,有名人
YUUMEIJIN,en,famous person
CHOREI,ja,朝礼
CHOREI,en,morning assembly
BOOK,ja,本
BOOK,en,book
NICHIJO_KAIWA,ja,日常会話
NICHIJO_KAIWA,en,daily conversation
TELEVISION_PROGRAM,ja,テレビ番組
TELEVISION_PROGRAM,en,TV program
AMOUNT_OF_MONEY,ja,金額
AMOUNT_OF_MONEY,en,amount of money
NICHIJO,ja,日常
NICHIJO,en,daily life
KOUKYOU,ja,公共
KOUKYOU,en,public
SHIMAI,ja,姉妹
SHIMAI,en,sisters
ILLNESS,ja,病気
ILLNESS,en,illness
MORNING,ja,朝
MORNING,en,morning
HIMOGOHAKI,ja,誤語吐き
HIMOGOHAKI,en,misspeaker
ROJO,ja,路上
ROJO,en,on the street
SHANAI,ja,車内
SHANAI,en,inside car
GYOKAI_YOGO,ja,業界用語
GYOKAI_YOGO,en,industry term
KAIWA,ja,会話
KAIWA,en,conversation
TEREBI,ja,テレビ
TEREBI,en,television
TETSUDO,ja,鉄道
TETSUDO,en,railroad
TRAIN,ja,列車
TRAIN,en,train
MOBILE_PHONE,ja,携帯電話
MOBILE_PHONE,en,mobile phone
TEREBI_BANGUMI,ja,テレビ番組
TEREBI_BANGUMI,en,TV show
KAJI,ja,家事
KAJI,en,housework
HOUSOU,ja,放送
HOUSOU,en,broadcast
SYOKUBA,ja,職場
SYOKUBA,en,workplace
FOREIGN_NAME,ja,外国名
FOREIGN_NAME,en,foreign name
MOUNTAINEERING,ja,登山
MOUNTAINEERING,en,mountaineering
EXAMINATION,ja,試験
EXAMINATION,en,examination
SHOKUBAI,ja,職場
SHOKUBAI,en,workplace
KOUHAKU_UTA_GASSEN,ja,紅白歌合戦
KOUHAKU_UTA_GASSEN,en,Kouhaku Uta Gassen
RYOKO,ja,旅行
RYOKO,en,travel
PRESS_CONFERENCE,ja,記者会見
PRESS_CONFERENCE,en,press conference
SPECIALIZED_TERMS,ja,専門用語
SPECIALIZED_TERMS,en,specialized terms
COMPLIANCE,ja,コンプライアンス
COMPLIANCE,en,compliance
GOVERNANCE,ja,ガバナンス
GOVERNANCE,en,governance
BIJINESU,ja,ビジネス
BIJINESU,en,business
KANYOKU,ja,慣用句
KANYOKU,en,idiom
LOANWORDS,ja,外来語
LOANWORDS,en,loanwords
KENKOU,ja,健康
KENKOU,en,health
FUKKOU,ja,復興
FUKKOU,en,reconstruction
LEGISLATURE,ja,立法府
LEGISLATURE,en,legislature
ACADEMIC,ja,学術
ACADEMIC,en,academic
TOKUBETSU_SHIEN,ja,特別支援
TOKUBETSU_SHIEN,en,special support
JUKUGO,ja,熟語
JUKUGO,en,compound word
NATIONAL_DIET,ja,国会
NATIONAL_DIET,en,national diet
KANKOU,ja,観光
KANKOU,en,tourism
DISASTER_MEASURES,ja,災害対策
DISASTER_MEASURES,en,disaster measures
BUTSURYUU,ja,物流
BUTSURYUU,en,logistics
RUIJION,ja,類義語
RUIJION,en,synonyms
MEDICINE,ja,医学
MEDICINE,en,medicine
GIJUTSU,ja,技術
GIJUTSU,en,technology
CHIZAI,ja,知財
CHIZAI,en,intellectual property
STATISTICS,ja,統計
STATISTICS,en,statistics
TOSHI_KAIHATSU,ja,都市開発
TOSHI_KAIHATSU,en,urban development
PERSONNEL,ja,人事
PERSONNEL,en,personnel
BOUEI,ja,防衛
BOUEI,en,defense
GYOUSEI,ja,行政
GYOUSEI,en,administration
ARCHITECTURE,ja,建築
ARCHITECTURE,en,architecture
KANJI_WORDS,ja,漢字語
KANJI_WORDS,en,kanji words
KYOIKU,ja,教育
KYOIKU,en,education
SURVEY,ja,調査
SURVEY,en,survey
LABOR_ACCIDENT,ja,労働災害
LABOR_ACCIDENT,en,labor accident
NEWS_MEDIA,ja,報道機関
NEWS_MEDIA,en,news media
KIGYOU,ja,企業
KIGYOU,en,enterprise
ROUDOU_ANZEN,ja,労働安全
ROUDOU_ANZEN,en,occupational safety
SAIGAI,ja,災害
SAIGAI,en,disaster
TECHNICAL,ja,技術的
TECHNICAL,en,technical
SEISAKU,ja,政策
SEISAKU,en,policy
SHORTHAND,ja,速記
SHORTHAND,en,shorthand
GIGIROKU,ja,議事録
GIGIROKU,en,meeting record
JIKEN,ja,事件
JIKEN,en,incident
NICHOUGO,ja,日朝語
NICHOUGO,en,Japanese-Korean
SHIRYOU,ja,資料
SHIRYOU,en,materials
SEIDO,ja,制度
SEIDO,en,system
RISKU,ja,リスク
RISKU,en,risk
KAKEI,ja,家計
KAKEI,en,household budget
GUNJI,ja,軍事
GUNJI,en,military
KENSAA,ja,検査
KENSAA,en,inspection
OKINAWA_MONDAI,ja,沖縄問題
OKINAWA_MONDAI,en,Okinawa issue
DISASTER_PREVENTION,ja,防災
DISASTER_PREVENTION,en,disaster prevention
BIZINESU,ja,ビジネス
BIZINESU,en,business
DEFENSE,ja,防衛
DEFENSE,en,defense
NANDOKU_GO,ja,難読語
NANDOKU_GO,en,difficult words
KINYU,ja,金融
KINYU,en,finance
SOCIAL_ISSUES,ja,社会問題
SOCIAL_ISSUES,en,social issues
INTERNATIONAL_RELATIONS,ja,国際関係
INTERNATIONAL_RELATIONS,en,international relations
SHUPPAN,ja,出版
SHUPPAN,en,publishing
TRANSCRIPTION,ja,書き起こし
TRANSCRIPTION,en,transcription
ACADEMIC_SOCIETY,ja,学会
ACADEMIC_SOCIETY,en,academic society
URBAN_PLANNING,ja,都市計画
URBAN_PLANNING,en,urban planning
URBAN_POLICY,ja,都市政策
URBAN_POLICY,en,urban policy
NATION,ja,国家
NATION,en,nation
TERRITORIAL_ISSUE,ja,領土問題
TERRITORIAL_ISSUE,en,territorial issue
REGIONAL_DEVELOPMENT,ja,地域振興
REGIONAL_DEVELOPMENT,en,regional development
SYNONYMS,ja,同義語
SYNONYMS,en,synonyms
SALES,ja,営業
SALES,en,sales
JOB_CATEGORY,ja,職種
JOB_CATEGORY,en,job category
TOUKEI,ja,統計
TOUKEI,en,statistics
SOCIAL_WELFARE,ja,社会福祉
SOCIAL_WELFARE,en,social welfare
SHIHOU,ja,司法
SHIHOU,en,judiciary
SEIZOU_GYOU,ja,製造業
SEIZOU_GYOU,en,manufacturing industry
EVALUATION,ja,評価
EVALUATION,en,evaluation
SEIZOU,ja,製造
SEIZOU,en,manufacturing
KUMIAI,ja,組合
KUMIAI,en,union
CHOSAKUKEN,ja,著作権
CHOSAKUKEN,en, copyright
CULTURE,ja,文化
CULTURE,en,culture
SHINCHOKU_KANRI,ja,進捗管理
SHINCHOKU_KANRI,en,progress management
CHIHOU,ja,地方
CHIHOU,en,local
SUBSIDY,ja,補助金
SUBSIDY,en,subsidy
POLICY,ja,政策
POLICY,en,policy
TAXATION,ja,課税
TAXATION,en,taxation
GIJUTSU_YOGO,ja,技術用語
GIJUTSU_YOGO,en,technical term
LOGIC,ja,論理
LOGIC,en,logic
NENKIN,ja,年金
NENKIN,en,pension
TRADE,ja,貿易
TRADE,en,trade
MANUFACTURING,ja,製造
MANUFACTURING,en,manufacturing
DOBOKU,ja,土木
DOBOKU,en,civil engineering
REPORTING_MEDIA,ja,報道媒体
REPORTING_MEDIA,en,reporting media
KANSA,ja,監査
KANSA,en,audit
KINYOU,ja,金融
KINYOU,en,finance
GIKAI,ja,議会
GIKAI,en,assembly
HOUDOU,ja,報道
HOUDOU,en,reporting
PUBLIC_OFFICIAL,ja,公務員
PUBLIC_OFFICIAL,en,public official
SHOBO,ja,消防
SHOBO,en,firefighting
PSYCHOLOGY,ja,心理学
PSYCHOLOGY,en,psychology
ZEISEI,ja,税制
ZEISEI,en,tax system
SCIENCE_TECHNOLOGY,ja,科学技術
SCIENCE_TECHNOLOGY,en,science and technology
RYOKOUGYO,ja,旅行業
RYOKOUGYO,en,travel industry
NUCLEAR_POWER,ja,原子力
NUCLEAR_POWER,en,nuclear power
KANJI_GO,ja,漢字語
KANJI_GO,en,kanji words
HYOUJUN,ja,標準
HYOUJUN,en,standard
KOUWAN,ja,港湾
KOUWAN,en,port
SCENERY,ja,風景
SCENERY,en,scenery
SEIFU_KANKOUBUTSU,ja,政府刊行物
SEIFU_KANKOUBUTSU,en,government publications
LEGAL_SCIENCE,ja,法学
LEGAL_SCIENCE,en,legal science
ZOUSEN,ja,造船
ZOUSEN,en,shipbuilding
BUDGET,ja,予算
BUDGET,en,budget
KENKYU,ja,研究
KENKYU,en,research
PUBLIC_SERVICE,ja,公共サービス
PUBLIC_SERVICE,en,public service
SYSTEM_REFORM,ja,制度改革
SYSTEM_REFORM,en,system reform
KANJIGO,ja,漢字語
KANJIGO,en,kanji word
TOWN_DEVELOPMENT,ja,町づくり
TOWN_DEVELOPMENT,en,town development
HIGU,ja,被具
HIGU,en,equipment
KIN_YU,ja,金融
KIN_YU,en,finance
ZAISAN,ja,財産
ZAISAN,en,assets
SAIGAI_TAIOU,ja,災害対応
SAIGAI_TAIOU,en,disaster response
POLITICAL_PARTY,ja,政党
POLITICAL_PARTY,en,political party
BUNKA,ja,文化
BUNKA,en,culture
BUTSURYU,ja,物流
BUTSURYU,en,logistics
KOUTSU,ja,交通
KOUTSU,en,transportation
LEGAL_AFFAIRS,ja,法務
LEGAL_AFFAIRS,en,legal affairs
RIKA,ja,理科
RIKA,en,science
TOSHI,ja,都市
TOSHI,en,city
KIN_YUU,ja,金融
KIN_YUU,en,finance
INTERNATIONAL_CONFERENCE,ja,国際会議
INTERNATIONAL_CONFERENCE,en,international conference
TOSHIKAIKAKU,ja,都市改革
TOSHIKAIKAKU,en,urban reform
GOVERNMENT,ja,政府
GOVERNMENT,en,government
ZAISAI,ja,財政
ZAISAI,en,public finance
SYAKAI_MONDAI,ja,社会問題
SYAKAI_MONDAI,en,social issues
CORPORATE_ACTIVITY,ja,企業活動
CORPORATE_ACTIVITY,en,corporate activity
YOSAN,ja,予算
YOSAN,en,budget
GAKUJUTSU,ja,学術
GAKUJUTSU,en,academia
SEIJI,ja,政治
SEIJI,en,politics
RESEARCH,ja,研究
RESEARCH,en,research
ACADEMIC_FIELD,ja,学問分野
ACADEMIC_FIELD,en,academic field
TPP,ja,TPP
TPP,en,TPP
SOSHIKI_MEI,ja,組織名
SOSHIKI_MEI,en,organization name
GIJIROKU,ja,議事録
GIJIROKU,en,meeting record
LOGISTICS,ja,物流
LOGISTICS,en,logistics
SHINGIKAI,ja,審議会
SHINGIKAI,en,council
HOMU,ja,法務
HOMU,en,legal affairs
MOJIOKOSHI,ja,文字起こし
MOJIOKOSHI,en,transcription
MATERIALS,ja,資料
MATERIALS,en,materials
SHIRYO,ja,資料
SHIRYO,en,documents
ECONOMICS,ja,経済学
ECONOMICS,en,economics
ACTIVITY,ja,活動
ACTIVITY,en,activity
SHUKYO,ja,宗教
SHUKYO,en,religion
KANKYOU,ja,環境
KANKYOU,en,environment
INTERNATIONAL_SITUATION,ja,国際情勢
INTERNATIONAL_SITUATION,en,international situation
RELIGION,ja,宗教
RELIGION,en,religion
JUDICIARY,ja,司法
JUDICIARY,en,judiciary
GAIKOU,ja,外交
GAIKOU,en,diplomacy
LOCAL_GOVERNMENT,ja,地方自治体
LOCAL_GOVERNMENT,en,local government
ENERGY_POLICY,ja,エネルギー政策
ENERGY_POLICY,en,energy policy
FUTURE,ja,未来
FUTURE,en,future
SHAKAIMONDAI,ja,社会問題
SHAKAIMONDAI,en,social problem
GAKKAI,ja,学会
GAKKAI,en,academic society
MEETING_RECORD,ja,会議録
MEETING_RECORD,en,meeting record
KANKYO,ja,環境
KANKYO,en,environment
KAGAKU_GIJUTSU,ja,科学技術
KAGAKU_GIJUTSU,en,science and technology
RODOKU,ja,朗読
RODOKU,en,reading aloud
DIPLOMACY,ja,外交
DIPLOMACY,en,diplomacy
ELECTRICITY,ja,電力
ELECTRICITY,en,electricity
CRITICISM,ja,批評
CRITICISM,en,criticism
POLITICS,ja,政治
POLITICS,en,politics
GEOGRAPHY,ja,地理
GEOGRAPHY,en,geography
SAIGAI_TAIYOU,ja,災害対応
SAIGAI_TAIYOU,en,disaster response
STAFF_ASSIGNMENT,ja,人員配置
STAFF_ASSIGNMENT,en,staff assignment
HOUSING,ja,住宅
HOUSING,en,housing
PRODUCT_DESCRIPTION,ja,製品説明
PRODUCT_DESCRIPTION,en,product description
HOUHOU,ja,方法
HOUHOU,en,method
LECTURE,ja,講演
LECTURE,en,lecture
DISASTER,ja,災害
DISASTER,en,disaster
CHITEKIZAISAN,ja,知的財産
CHITEKIZAISAN,en,intellectual property
CYBER,ja,サイバー
CYBER,en,cyber
CHIIKI_SHINKO,ja,地域振興
CHIIKI_SHINKO,en,regional promotion
TRIAL,ja,裁判
TRIAL,en,trial
CLASSIFICATION,ja,分類
CLASSIFICATION,en,classification
KENCHIKU,ja,建築
KENCHIKU,en,architecture
NUCLEAR_ENERGY,ja,原子力
NUCLEAR_ENERGY,en,nuclear energy
KEIEI,ja,経営
KEIEI,en,management
ACCIDENT,ja,事故
ACCIDENT,en,accident
CIVIL_ENGINEERING,ja,土木
CIVIL_ENGINEERING,en,civil engineering
OBSTETRICS,ja,産科
OBSTETRICS,en,obstetrics
REPORTING,ja,報告
REPORTING,en,reporting
HORITSU,ja,法律
HORITSU,en,law
DISASTER_RESPONSE,ja,災害対応
DISASTER_RESPONSE,en,disaster response
LOCAL_AUTONOMY,ja,地方自治
LOCAL_AUTONOMY,en,local autonomy
SHAKAI_HOSHOU,ja,社会保障
SHAKAI_HOSHOU,en,social security
HOU_KAISEI,ja,法改正
HOU_KAISEI,en,legal revision
ARTS,ja,芸術
ARTS,en,arts
GAIKYOU,ja,概況
GAIKYOU,en,overview
STANDARD,ja,基準
STANDARD,en,standard
RECONSTRUCTION,ja,復興
RECONSTRUCTION,en,reconstruction
KENKYUU,ja,研究
KENKYUU,en,research
LEGAL,ja,法務
LEGAL,en,legal
HODO,ja,報道
HODO,en,news reporting
COPYRIGHT,ja,著作権
COPYRIGHT,en,copyright
ROUMU,ja,労務
ROUMU,en,labor affairs
KAGAKU,ja,科学
KAGAKU,en,science
COMPENSATION,ja,補償
COMPENSATION,en,compensation
SOCIAL_SECURITY,ja,社会保障
SOCIAL_SECURITY,en,social security
ICT,ja,ICT
ICT,en,ICT
DATA_PUBLICATION,ja,データ公開
DATA_PUBLICATION,en,data publication
YAKUSHOKU,ja,役職
YAKUSHOKU,en,position
KIJUN,ja,基準
KIJUN,en,criteria
KOUKYOUSEISAKU,ja,公共政策
KOUKYOUSEISAKU,en,public policy
KOKOKU,ja,広告
KOKOKU,en,advertisement
PUBLIC_OPINION_SURVEY,ja,世論調査
PUBLIC_OPINION_SURVEY,en,public opinion survey
INTERNATIONAL,ja,国際
INTERNATIONAL,en,international
FAIRNESS,ja,公正
FAIRNESS,en,fairness
TAX_SYSTEM,ja,税制
TAX_SYSTEM,en,tax system
ENVIRONMENT,ja,環境
ENVIRONMENT,en,environment
DISASTER_RECOVERY,ja,災害復旧
DISASTER_RECOVERY,en,disaster recovery
INDUSTRY,ja,産業
INDUSTRY,en,industry
CHIIKI_KATSUDO,ja,地域活動
CHIIKI_KATSUDO,en,community activities
INFRASTRUCTURE,ja,インフラ
INFRASTRUCTURE,en,infrastructure
QUESTION_AND_ANSWER,ja,質疑応答
QUESTION_AND_ANSWER,en,question and answer
ACCIDENT_INVESTIGATION,ja,事故調査
ACCIDENT_INVESTIGATION,en,accident investigation
PROCEDURE,ja,手続き
PROCEDURE,en,procedure
MOJIIKOSHI,ja,文字起こし
MOJIIKOSHI,en,transcription
COMMUNITY_ACTIVITY,ja,地域活動
COMMUNITY_ACTIVITY,en,community activity
REGION,ja,地域
REGION,en,region
HOU_RITSU,ja,法律
HOU_RITSU,en,law
DISASTER_RECONSTRUCTION,ja,災害復興
DISASTER_RECONSTRUCTION,en,disaster reconstruction
KAIDAN,ja,会談
KAIDAN,en,talks
KOKUSAI_JOUSEI,ja,国際情勢
KOKUSAI_JOUSEI,en,international affairs
HOU-GAKU,ja,法学
HOU-GAKU,en,jurisprudence
SAIGAI_TAISAKU,ja,災害対策
SAIGAI_TAISAKU,en,disaster countermeasures
INSURANCE,ja,保険
INSURANCE,en,insurance
MEETINGS,ja,会議
MEETINGS,en,meetings
EARTH_SCIENCE,ja,地球科学
EARTH_SCIENCE,en,earth science
HOUZOU,ja,法蔵
HOUZOU,en,legal archive
ZAISEN,ja,財政
ZAISEN,en,finance
HOURITSU,ja,法律
HOURITSU,en,law
DISASTER_COUNTERMEASURES,ja,災害対策
DISASTER_COUNTERMEASURES,en,disaster countermeasures
MACHIZUKURI,ja,まちづくり
MACHIZUKURI,en,community development
ENERGY,ja,エネルギー
ENERGY,en,energy
INDUSTRY_TERMS,ja,産業用語
INDUSTRY_TERMS,en,industry terms
GYOSEI,ja,行政
GYOSEI,en,administration
HOKOKU,ja,報告
HOKOKU,en,report
KANYOUKU,ja,慣用句
KANYOUKU,en,idiom
DISASTER_COUNTERMEASURE,ja,災害対策
DISASTER_COUNTERMEASURE,en,disaster countermeasure
JINJI,ja,人事
JINJI,en,personnel
INSATSU,ja,印刷
INSATSU,en,printing
TOURISM,ja,観光
TOURISM,en,tourism
CRIME_PREVENTION,ja,防犯
CRIME_PREVENTION,en,crime prevention
KENSETSU,ja,建設
KENSETSU,en,construction
PARLIAMENT,ja,国会
PARLIAMENT,en,parliament
HOUSO,ja,放送
HOUSO,en,broadcasting
ENERUGII,ja,エネルギー
ENERUGII,en,energy
QUALITY_CONTROL,ja,品質管理
QUALITY_CONTROL,en,quality control
KEIZAI,ja,経済
KEIZAI,en,economy
COMMITTEE,ja,委員会
COMMITTEE,en,committee
KABUSHIKI,ja,株式
KABUSHIKI,en,stock
KATAKANA_WORDS,ja,カタカナ語
KATAKANA_WORDS,en,katakana words
NEWS_REPORTING,ja,ニュース報道
NEWS_REPORTING,en,news reporting
DOUON_IGIGO,ja,同音異義語
DOUON_IGIGO,en,homonym
PENSION,ja,年金
PENSION,en,pension
ROUDOU,ja,労働
ROUDOU,en,labor
HOUMU,ja,法務
HOUMU,en,legal affairs
SHAKAI_FUKUSHI,ja,社会福祉
SHAKAI_FUKUSHI,en,social welfare
USA,ja,アメリカ
USA,en,USA
AIRPORT,ja,空港
AIRPORT,en,airport
KOKUSAI,ja,国際
KOKUSAI,en,international
SENMON_YOUGO,ja,専門用語
SENMON_YOUGO,en,technical term
JINZAI_IKUSEI,ja,人材育成
JINZAI_IKUSEI,en,human resource development
PUBLIC_WORKS,ja,公共事業
PUBLIC_WORKS,en,public works
PUBLISHING,ja,出版
PUBLISHING,en,publishing
RIREKISHO,ja,履歴書
RIREKISHO,en,resume
SYAKAI_FUKUSI,ja,社会福祉
SYAKAI_FUKUSI,en,social welfare
SAIGAI_TAIO,ja,災害対応
SAIGAI_TAIO,en,disaster response
SMALL_MEDIUM_ENTERPRISE,ja,中小企業
SMALL_MEDIUM_ENTERPRISE,en,small and medium enterprise
BROADCASTING,ja,放送
BROADCASTING,en,broadcasting
BOUSHUU,ja,募集
BOUSHUU,en,recruitment
MEDICAL_CARE,ja,医療ケア
MEDICAL_CARE,en,medical care
1980S,ja,1980年代
1980S,en,1980s
ARTICULATION,ja,構音
ARTICULATION,en,articulation
ATP_TOUR,ja,ATPツアー
ATP_TOUR,en,ATP Tour
AUDITORY,ja,聴覚
AUDITORY,en,auditory
BOOK_TITLE,ja,書籍タイトル
BOOK_TITLE,en,book title
CHILDREN_SONG,ja,童謡
CHILDREN_SONG,en,children's song
COGNITION,ja,認知
COGNITION,en,cognition
COMMAND,ja,命令
COMMAND,en,command
COMMUTING,ja,通勤
COMMUTING,en,commuting
CULTURAL_DIFFERENCE,ja,文化的差異
CULTURAL_DIFFERENCE,en,cultural difference
DELIVERY,ja,配達
DELIVERY,en,delivery
DMM_EIKAIWA,ja,DMM英会話
DMM_EIKAIWA,en,DMM Eikaiwa
ENGLISH_SPEAKING_COUNTRY,ja,英語圏の国
ENGLISH_SPEAKING_COUNTRY,en,English-speaking country
ENGLISH_SPEAKING_REGION,ja,英語圏
ENGLISH_SPEAKING_REGION,en,English-speaking region
GAKUSHU_SHIEN,ja,学習支援
GAKUSHU_SHIEN,en,learning support
GERMAN,ja,ドイツ語
GERMAN,en,German
GOOGLE_HOME,ja,Google Home
GOOGLE_HOME,en,Google Home
HATON,ja,ハッと音
HATON,en,startling sound
HIMOBOGOHASHASHA,ja,ひも母語話者
HIMOBOGOHASHASHA,en,rope-native speaker
HIMOBOGO_WASHA,ja,ひも母語話者
HIMOBOGO_WASHA,en,rope-native speaker
HIMOTOBA_WAKASHA,ja,ひも言葉話者
HIMOTOBA_WAKASHA,en,rope-language speaker
HOIKU,ja,保育
HOIKU,en,childcare
IHCWAY,ja,IHCWAY
IHCWAY,en,IHCWAY
IDENTITY,ja,アイデンティティ
IDENTITY,en,identity
INTERNATIONAL_EXCHANGE,ja,国際交流
INTERNATIONAL_EXCHANGE,en,international exchange
JAPANESE_NAME,ja,日本人の名前
JAPANESE_NAME,en,Japanese name
JAPANESE_NATIVE_SPEAKER,ja,日本語母語話者
JAPANESE_NATIVE_SPEAKER,en,Japanese native speaker
JIKO_SHOKAI,ja,自己紹介
JIKO_SHOKAI,en,self-introduction
KANSAI_DIALECT,ja,関西弁
KANSAI_DIALECT,en,Kansai dialect
KAISHOKU,ja,会食
KAISHOKU,en,dining together
KENDO,ja,剣道
KENDO,en,kendo
KINCHOU,ja,緊張
KINCHOU,en,nervousness
LESSON_EXPERIENCE,ja,授業経験
LESSON_EXPERIENCE,en,lesson experience
MISWRITING,ja,書き間違い
MISWRITING,en,miswriting
MULTICULTURAL,ja,多文化
MULTICULTURAL,en,multicultural
MULTILINGUAL,ja,多言語
MULTILINGUAL,en,multilingual
MYOUJI,ja,名字
MYOUJI,en,surname
MYOJI,ja,苗字
MYOJI,en,surname
MOTOHARU_SANO,ja,佐野元春
MOTOHARU_SANO,en,Motoharu Sano
NATIONAL_PHENOMENON,ja,国民的現象
NATIONAL_PHENOMENON,en,national phenomenon
NICHIJO_SEIKATSU,ja,日常生活
NICHIJO_SEIKATSU,en,daily life
NICHIJOKAIWA,ja,日常会話
NICHIJOKAIWA,en,daily conversation
NUMBER_OF_PEOPLE,ja,人数
NUMBER_OF_PEOPLE,en,number of people
ONIN_NINCHI,ja,音韻認知
ONIN_NINCHI,en,phonological awareness
ONLINE_ENGLISH_CONVERSATION,ja,オンライン英会話
ONLINE_ENGLISH_CONVERSATION,en,online English conversation
ORDER_MISTAKE,ja,注文間違い
ORDER_MISTAKE,en,order mistake
OVERSEAS,ja,海外
OVERSEAS,en,overseas
PEN_NAME,ja,ペンネーム
PEN_NAME,en,pen name
SCIENCE_TERM,ja,科学用語
SCIENCE_TERM,en,scientific term
SEIKO_MATSUD,ja,松田聖子
SEIKO_MATSUD,en,Seiko Matsuda
SHODO,ja,書道
SHODO,en,calligraphy
SHUFU,ja,主婦
SHUFU,en,housewife
SIRI,ja,Siri
SIRI,en,Siri
SMART_SPEAKER,ja,スマートスピーカー
SMART_SPEAKER,en,smart speaker
SNACK,ja,スナック
SNACK,en,snack
SPECIAL_SUPPORT_EDUCATION,ja,特別支援教育
SPECIAL_SUPPORT_EDUCATION,en,special needs education
STAFF_BLOG,ja,スタッフブログ
STAFF_BLOG,en,staff blog
SUPPORT_MEASURES,ja,支援策
SUPPORT_MEASURES,en,support measures
TENNIS,ja,テニス
TENNIS,en,tennis
WAITING_ROOM,ja,待合室
WAITING_ROOM,en,waiting room
WEATHER_FORECAST,ja,天気予報
WEATHER_FORECAST,en,weather forecast
WORD_MISUNDERSTANDING,ja,語の誤解
WORD_MISUNDERSTANDING,en,word misunderstanding
YOMIKATA,ja,読み方
YOMIKATA,en,reading
YOMIMACHIGAI,ja,読み間違い
YOMIMACHIGAI,en,misreading
YOJIGO,ja,四字語
YOJIGO,en,four-character idiom
YUMEIJIN,ja,有名人
YUMEIJIN,en,celebrity
SPANISH,ja,スペイン語
SPANISH,en,Spanish
INFANT_LANGUAGE,ja,幼児語
INFANT_LANGUAGE,en,infant language
IDENTITY_VERIFICATION,ja,本人確認
IDENTITY_VERIFICATION,en,identity verification
COLOR,ja,色
COLOR,en,color
INDUSTRY_TERMINOLOGY,ja,業界用語
INDUSTRY_TERMINOLOGY,en,industry terminology
NET_SHOP,ja,ネットショップ
NET_SHOP,en,online shop
OPERATOR,ja,オペレーター
OPERATOR,en,operator
ORDER_ACCEPTANCE,ja,注文受付
ORDER_ACCEPTANCE,en,order acceptance
SHIP,ja,出荷
SHIP,en,shipping
LAST_NAME,ja,姓
LAST_NAME,en,last name
CUSTOMER_SUPPORT,ja,カスタマーサポート
CUSTOMER_SUPPORT,en,customer support
BUSINESS_PHONE,ja,業務用電話
BUSINESS_PHONE,en,business phone
AUDITORY_INFORMATION_PROCESSING,ja,聴覚情報処理
AUDITORY_INFORMATION_PROCESSING,en,auditory information processing
KANJI_NOTATION,ja,漢字表記
KANJI_NOTATION,en,kanji notation
DEVELOPMENTAL_DISORDER,ja,発達障害
DEVELOPMENTAL_DISORDER,en,developmental disorder
PARAPHRASE,ja,言い換え
PARAPHRASE,en,paraphrase
CUSTOMER_INFORMATION,ja,顧客情報
CUSTOMER_INFORMATION,en,customer information
COUNTERMEASURES,ja,対策
COUNTERMEASURES,en,countermeasures
WORK_CONCERNS,ja,業務上の懸念
WORK_CONCERNS,en,work concerns
CONTACT_CENTER,ja,コンタクトセンター
CONTACT_CENTER,en,contact center
PERSONAL_INFORMATION,ja,個人情報
PERSONAL_INFORMATION,en,personal information
SPEAKING_STYLE,ja,話し方のスタイル
SPEAKING_STYLE,en,speaking style
